KIDS,KID14,ER30001,ER30002,ER32000,ER32006,ER34201,ER34202,ER34203,P14REL,P14E5,P14E6,P14E10_09,P14E15,P14E16_3,P14E26_5,P14E33_6,P14E53,C14REL,C14B12,C14B13,GPA_normalized
1,1.2,7,49,2,2,3305,4,30,2.0,5.0,0.0,0.0,5.0,0.0,0.0,0.0,2.0,3.0,5.0,12.0,0.4166666666666667
1,1.2,18,42,2,2,5977,4,30,2.0,1.0,1.0,0.0,5.0,0.0,0.0,0.0,2.0,3.0,3.75,4.0,0.9375
1,1.2,18,45,2,2,7557,4,33,2.0,1.0,3.0,0.0,1.0,1.0,0.0,0.0,1.0,3.0,3.8,4.0,0.95
1,1.2,47,41,2,2,2030,5,30,2.0,5.0,0.0,0.0,5.0,0.0,5.0,5.0,1.0,3.0,2.8,4.0,0.7
1,1.2,47,43,2,2,2002,4,30,2.0,1.0,6.0,0.0,1.0,1.0,1.0,0.0,1.0,3.0,4.0,4.0,1.0
1,1.2,60,38,1,2,7187,4,30,2.0,1.0,1.0,5.0,5.0,0.0,0.0,0.0,1.0,3.0,3.0,4.0,0.75
1,1.2,60,39,2,2,7187,5,30,2.0,1.0,1.0,5.0,5.0,0.0,0.0,5.0,2.0,3.0,4.0,5.0,0.8
1,1.2,61,36,2,2,7127,4,30,2.0,1.0,3.0,0.0,1.0,5.0,5.0,1.0,2.0,3.0,5.3,5.87,0.9028960817717205
1,1.2,68,31,1,2,2636,4,30,2.0,1.0,1.0,5.0,5.0,0.0,5.0,0.0,1.0,3.0,4.0,4.0,1.0
1,1.2,89,36,2,2,8186,4,30,2.0,5.0,0.0,0.0,5.0,0.0,0.0,1.0,4.0,3.0,9.6,10.0,0.96
1,1.2,105,40,1,2,7029,3,30,2.0,5.0,0.0,5.0,5.0,0.0,5.0,0.0,1.0,3.0,2.0,4.0,0.5
1,1.2,117,34,2,2,4381,4,30,2.0,1.0,6.0,0.0,5.0,0.0,0.0,0.0,1.0,3.0,3.8,4.0,0.95
1,1.2,121,38,2,2,4739,3,30,2.0,1.0,5.0,0.0,1.0,1.0,5.0,0.0,1.0,3.0,4.0,4.0,1.0
1,1.2,122,39,2,2,4611,6,30,2.0,1.0,2.0,0.0,5.0,0.0,0.0,0.0,1.0,3.0,3.5,4.0,0.875
1,1.2,122,40,1,2,5949,3,30,2.0,5.0,0.0,0.0,5.0,0.0,0.0,0.0,1.0,3.0,3.57,4.0,0.8925
1,1.2,172,38,1,2,1311,2,30,2.0,5.0,0.0,0.0,5.0,0.0,0.0,0.0,1.0,3.0,3.0,4.0,0.75
1,1.2,172,40,1,2,4855,4,60,2.0,5.0,0.0,0.0,5.0,0.0,0.0,5.0,1.0,3.0,3.8,4.0,0.95
1,1.2,203,34,2,2,2751,6,30,2.0,1.0,4.0,0.0,1.0,1.0,5.0,0.0,2.0,3.0,4.0,4.0,1.0
1,1.2,214,31,1,2,2904,3,30,2.0,1.0,6.0,0.0,1.0,1.0,0.0,0.0,2.0,3.0,2.6,4.0,0.65
1,1.2,236,33,1,2,2327,4,30,2.0,1.0,1.0,0.0,5.0,0.0,0.0,0.0,1.0,3.0,3.8,4.0,0.95
1,1.2,236,34,2,2,2113,3,30,2.0,1.0,5.0,0.0,1.0,1.0,0.0,0.0,2.0,3.0,3.9,4.0,0.975
1,1.2,250,33,1,2,6601,3,30,2.0,5.0,0.0,0.0,5.0,0.0,1.0,0.0,1.0,3.0,4.5,5.0,0.9
1,1.2,263,41,2,2,1219,4,30,2.0,5.0,0.0,0.0,5.0,0.0,0.0,0.0,1.0,3.0,2.0,4.0,0.5
1,1.2,266,36,2,2,6776,4,30,2.0,1.0,1.0,5.0,1.0,5.0,0.0,0.0,2.0,3.0,4.0,4.0,1.0
1,1.2,277,37,1,2,8026,3,30,2.0,5.0,0.0,0.0,5.0,0.0,5.0,5.0,2.0,3.0,3.7,5.0,0.74
1,1.2,297,53,2,2,940,4,30,2.0,1.0,1.0,0.0,5.0,0.0,0.0,0.0,2.0,3.0,4.17,4.35,0.9586206896551724
1,1.2,356,33,1,2,1112,4,30,2.0,1.0,1.0,0.0,5.0,0.0,0.0,5.0,1.0,3.0,3.0,4.0,0.75
1,1.2,377,32,1,2,5116,3,30,2.0,1.0,1.0,5.0,5.0,0.0,5.0,0.0,1.0,3.0,3.0,5.0,0.6
1,1.2,409,34,1,2,8872,4,30,2.0,5.0,0.0,0.0,5.0,0.0,0.0,0.0,4.0,3.0,3.0,4.0,0.75
1,1.2,409,35,2,2,3621,3,30,2.0,1.0,5.0,0.0,1.0,1.0,5.0,0.0,3.0,3.0,3.8,4.0,0.95
1,1.2,473,37,2,2,1871,4,30,2.0,1.0,1.0,0.0,5.0,0.0,0.0,0.0,3.0,3.0,3.9,4.0,0.975
1,1.2,486,32,1,2,8846,3,30,2.0,5.0,0.0,0.0,5.0,0.0,0.0,0.0,4.0,3.0,4.0,4.0,1.0
1,1.2,495,37,2,2,597,2,30,2.0,5.0,0.0,0.0,5.0,0.0,0.0,0.0,1.0,3.0,2.5,3.5,0.7142857142857143
1,1.2,503,32,2,2,7285,2,30,2.0,1.0,6.0,0.0,1.0,1.0,0.0,0.0,1.0,3.0,3.6,4.0,0.9
1,1.2,517,35,1,2,886,2,30,2.0,1.0,1.0,0.0,5.0,0.0,0.0,0.0,1.0,3.0,2.71,5.0,0.542
1,1.2,517,36,2,2,886,3,30,2.0,1.0,1.0,5.0,5.0,0.0,0.0,0.0,1.0,3.0,2.8,4.8,0.5833333333333334
1,1.2,534,33,1,2,7715,4,30,2.0,5.0,0.0,0.0,5.0,0.0,0.0,0.0,1.0,3.0,3.8,4.0,0.95
1,1.2,548,41,1,2,5644,5,30,2.0,1.0,5.0,0.0,1.0,5.0,0.0,5.0,3.0,3.0,3.6,4.0,0.9
1,1.2,548,42,1,2,5644,6,30,2.0,1.0,2.0,0.0,5.0,0.0,0.0,5.0,1.0,3.0,2.9,4.0,0.725
1,1.2,557,34,1,2,2545,3,30,2.0,1.0,1.0,0.0,5.0,0.0,0.0,0.0,1.0,3.0,3.0,4.0,0.75
1,1.2,593,34,2,2,4878,3,30,2.0,1.0,2.0,0.0,1.0,1.0,5.0,0.0,1.0,3.0,4.0,4.0,1.0
1,1.2,620,40,1,2,3697,3,30,2.0,5.0,0.0,5.0,5.0,0.0,5.0,0.0,2.0,3.0,3.4,4.0,0.85
1,1.2,626,50,1,2,1325,3,33,2.0,5.0,0.0,0.0,5.0,0.0,5.0,0.0,5.0,3.0,3.5,4.0,0.875
1,1.2,626,210,2,3,1186,4,33,2.0,1.0,2.0,0.0,5.0,0.0,0.0,0.0,1.0,3.0,3.8,5.0,0.76
1,1.2,631,37,2,2,4475,2,30,2.0,5.0,0.0,0.0,1.0,1.0,0.0,0.0,2.0,3.0,2.6,4.0,0.65
1,1.2,709,43,2,2,4783,4,33,2.0,1.0,1.0,0.0,5.0,0.0,0.0,5.0,1.0,3.0,3.4,4.0,0.85
1,1.2,719,32,1,2,1338,3,60,2.0,1.0,1.0,0.0,5.0,0.0,5.0,5.0,1.0,3.0,4.75,6.0,0.7916666666666666
1,1.2,719,33,1,2,8822,3,30,2.0,1.0,1.0,0.0,5.0,0.0,5.0,5.0,1.0,3.0,4.0,5.0,0.8
1,1.2,722,36,1,2,203,4,30,2.0,5.0,0.0,0.0,5.0,0.0,0.0,0.0,2.0,3.0,2.7,4.0,0.675
1,1.2,722,37,1,2,641,2,30,2.0,5.0,0.0,0.0,5.0,0.0,0.0,0.0,1.0,3.0,3.36,4.0,0.84
1,1.2,727,31,1,2,5570,4,30,2.0,1.0,6.0,0.0,1.0,1.0,5.0,5.0,2.0,3.0,3.0,4.5,0.6666666666666666
1,1.2,733,175,1,3,8444,4,30,2.0,1.0,1.0,0.0,1.0,1.0,5.0,0.0,4.0,3.0,2.7,4.6,0.5869565217391305
1,1.2,734,36,2,2,1319,3,30,2.0,5.0,0.0,0.0,5.0,0.0,5.0,0.0,1.0,3.0,3.5,5.2,0.673076923076923
1,1.2,734,38,1,2,1319,5,30,2.0,5.0,0.0,0.0,5.0,0.0,0.0,0.0,1.0,3.0,3.4,4.0,0.85
1,1.2,749,36,2,2,2900,3,35,2.0,1.0,1.0,0.0,5.0,0.0,0.0,0.0,1.0,3.0,3.4,4.0,0.85
1,1.2,751,41,1,2,4834,3,30,2.0,5.0,0.0,0.0,5.0,0.0,0.0,0.0,1.0,3.0,3.0,4.0,0.75
1,1.2,773,38,1,2,3381,3,30,2.0,1.0,5.0,0.0,5.0,0.0,5.0,0.0,1.0,3.0,3.8,4.0,0.95
1,1.2,783,33,2,2,1128,4,30,2.0,1.0,4.0,0.0,5.0,0.0,0.0,0.0,1.0,3.0,3.7,4.0,0.925
1,1.2,783,34,2,2,1676,3,30,2.0,5.0,0.0,0.0,5.0,0.0,5.0,5.0,1.0,3.0,3.45,4.0,0.8625
1,1.1,789,31,2,2,7138,3,30,,,,,,,,,,3.0,2.86,4.0,0.715
1,1.2,826,33,2,2,1608,3,33,2.0,5.0,0.0,0.0,1.0,5.0,5.0,0.0,1.0,3.0,2.87,4.0,0.7175
1,1.2,826,34,1,2,1608,4,33,2.0,5.0,0.0,5.0,5.0,0.0,5.0,0.0,1.0,3.0,3.0,4.0,0.75
1,1.2,835,32,2,2,7163,3,30,2.0,5.0,0.0,0.0,1.0,5.0,5.0,0.0,1.0,3.0,3.5,4.7,0.7446808510638298
1,1.2,840,48,2,2,2765,4,30,2.0,1.0,4.0,0.0,5.0,0.0,0.0,0.0,2.0,3.0,4.0,4.0,1.0
1,1.2,843,31,1,2,6788,3,30,2.0,1.0,1.0,0.0,5.0,0.0,5.0,0.0,1.0,3.0,3.3,4.0,0.825
1,1.2,845,172,2,3,8522,3,60,2.0,1.0,2.0,0.0,5.0,0.0,0.0,0.0,1.0,3.0,3.4,4.0,0.85
1,1.2,863,37,1,2,4216,4,30,2.0,5.0,0.0,0.0,5.0,0.0,5.0,0.0,1.0,3.0,3.57,4.0,0.8925
1,1.2,866,34,2,2,2629,3,30,2.0,1.0,1.0,0.0,1.0,1.0,0.0,0.0,1.0,3.0,2.8,4.0,0.7
1,1.2,876,32,1,2,4292,2,30,2.0,5.0,0.0,0.0,5.0,0.0,5.0,0.0,2.0,3.0,2.48,4.0,0.62
1,1.2,899,34,1,2,6450,3,30,2.0,5.0,0.0,0.0,5.0,0.0,5.0,5.0,1.0,3.0,2.9,4.0,0.725
1,1.2,904,30,2,2,602,3,30,2.0,5.0,0.0,0.0,5.0,0.0,0.0,0.0,4.0,3.0,2.8,4.0,0.7
1,1.2,921,31,1,2,2691,3,33,2.0,1.0,5.0,0.0,5.0,0.0,5.0,0.0,2.0,3.0,1.0,4.0,0.25
1,1.2,941,41,1,2,1170,5,30,2.0,5.0,0.0,0.0,5.0,0.0,0.0,0.0,1.0,3.0,1.0,1.0,1.0
1,1.2,951,32,2,2,5362,3,30,2.0,5.0,0.0,0.0,5.0,0.0,5.0,5.0,2.0,3.0,3.9,4.7,0.8297872340425532
1,1.2,991,33,1,2,4395,3,30,2.0,1.0,6.0,0.0,1.0,1.0,0.0,0.0,1.0,3.0,3.2,4.0,0.8
1,1.2,998,35,2,2,2446,4,30,2.0,1.0,1.0,0.0,5.0,0.0,5.0,5.0,1.0,3.0,3.0,4.0,0.75
1,1.2,1030,32,2,2,4340,3,30,2.0,1.0,1.0,0.0,5.0,0.0,5.0,0.0,2.0,3.0,3.1,4.8,0.6458333333333334
1,1.2,1034,31,1,2,119,3,70,2.0,5.0,0.0,0.0,5.0,0.0,0.0,0.0,2.0,3.0,3.4,4.0,0.85
1,1.2,1038,34,2,2,6867,4,30,2.0,1.0,5.0,0.0,1.0,1.0,1.0,5.0,4.0,3.0,4.0,4.0,1.0
1,1.2,1051,48,2,2,1885,4,30,2.0,1.0,1.0,0.0,5.0,0.0,0.0,0.0,2.0,3.0,3.3,4.0,0.825
1,1.2,1064,33,1,2,4570,3,30,2.0,1.0,1.0,5.0,5.0,0.0,5.0,5.0,1.0,3.0,4.1,4.5,0.911111111111111
1,1.2,1084,36,2,2,6752,4,30,2.0,5.0,0.0,0.0,5.0,0.0,0.0,0.0,2.0,3.0,2.7,4.0,0.675
1,1.2,1084,37,2,2,6752,5,30,2.0,5.0,0.0,0.0,5.0,0.0,5.0,0.0,1.0,3.0,3.4,4.0,0.85
1,1.2,1095,32,1,2,8291,4,30,2.0,5.0,0.0,0.0,5.0,0.0,0.0,0.0,1.0,3.0,3.1,3.4,0.911764705882353
1,1.2,1098,35,2,2,5451,4,30,2.0,1.0,6.0,0.0,1.0,1.0,0.0,5.0,2.0,3.0,4.0,4.0,1.0
1,1.2,1126,38,1,2,5326,3,30,2.0,1.0,2.0,0.0,5.0,0.0,5.0,0.0,1.0,3.0,4.2,4.2,1.0
1,1.2,1147,32,1,2,8885,3,30,2.0,5.0,0.0,0.0,5.0,0.0,0.0,0.0,1.0,3.0,1.8,4.0,0.45
1,1.2,1151,41,2,2,4818,4,30,2.0,1.0,2.0,0.0,5.0,0.0,0.0,0.0,1.0,3.0,3.5,5.0,0.7
1,1.2,1152,39,2,2,822,3,30,2.0,1.0,1.0,0.0,1.0,1.0,5.0,0.0,2.0,3.0,3.75,4.3,0.872093023255814
1,1.2,1161,31,2,2,6715,4,30,2.0,1.0,5.0,0.0,5.0,0.0,5.0,5.0,1.0,3.0,4.0,4.0,1.0
1,1.2,1163,46,2,2,1228,4,30,2.0,5.0,0.0,0.0,5.0,0.0,5.0,5.0,2.0,3.0,4.0,4.0,1.0
1,1.2,1185,36,1,2,4234,4,30,2.0,1.0,1.0,5.0,5.0,0.0,0.0,0.0,1.0,3.0,2.5,4.3,0.5813953488372093
1,1.2,1221,37,1,2,4849,4,30,2.0,1.0,1.0,0.0,5.0,0.0,0.0,5.0,1.0,3.0,2.7,4.0,0.675
1,1.2,1269,34,1,2,1425,3,30,2.0,1.0,1.0,0.0,5.0,0.0,0.0,0.0,1.0,3.0,3.9,5.0,0.78
1,1.2,1269,177,2,3,2869,3,30,2.0,1.0,1.0,0.0,1.0,1.0,0.0,0.0,1.0,3.0,3.8,4.0,0.95
1,1.2,1300,34,2,2,8841,3,30,2.0,5.0,0.0,0.0,5.0,0.0,0.0,0.0,2.0,3.0,4.1,4.2,0.976190476190476
1,1.2,1314,31,2,2,7582,4,30,2.0,1.0,3.0,0.0,1.0,1.0,0.0,0.0,1.0,3.0,3.0,4.0,0.75
1,1.2,1315,40,1,2,4568,6,30,2.0,1.0,1.0,0.0,5.0,0.0,0.0,0.0,2.0,3.0,4.0,4.0,1.0
1,1.2,1335,57,2,2,7976,3,30,2.0,5.0,0.0,0.0,5.0,0.0,5.0,5.0,1.0,3.0,4.0,5.0,0.8
1,1.2,1335,62,1,2,3162,3,35,2.0,5.0,0.0,5.0,5.0,0.0,0.0,0.0,1.0,3.0,3.76,4.5,0.8355555555555555
1,1.2,1345,36,1,2,1887,3,30,2.0,5.0,0.0,0.0,5.0,0.0,0.0,0.0,1.0,3.0,4.0,4.0,1.0
1,1.2,1351,37,1,2,8166,4,30,2.0,5.0,0.0,0.0,5.0,0.0,0.0,0.0,2.0,3.0,4.9,7.0,0.7000000000000001
1,1.2,1383,183,2,3,8280,3,33,2.0,1.0,3.0,5.0,1.0,1.0,5.0,1.0,2.0,3.0,2.9,4.5,0.6444444444444444
1,1.2,1384,31,1,2,8629,3,30,2.0,5.0,0.0,0.0,5.0,0.0,0.0,0.0,1.0,3.0,3.71,4.0,0.9275
1,1.2,1384,32,1,2,8629,4,30,2.0,1.0,6.0,0.0,5.0,0.0,0.0,5.0,1.0,3.0,3.75,4.0,0.9375
1,1.2,1426,41,2,2,3403,2,30,2.0,5.0,0.0,0.0,1.0,1.0,0.0,0.0,2.0,3.0,1.0,1.0,1.0
1,1.2,1426,188,1,3,5230,3,30,2.0,5.0,0.0,5.0,5.0,0.0,5.0,0.0,2.0,3.0,2.8,4.0,0.7
1,1.2,1434,36,2,2,1143,4,30,2.0,1.0,4.0,0.0,5.0,0.0,0.0,5.0,1.0,3.0,3.7,4.0,0.925
1,1.2,1434,37,1,2,4452,3,30,2.0,1.0,6.0,0.0,5.0,0.0,1.0,5.0,1.0,3.0,3.98,4.0,0.995
1,1.2,1445,38,2,2,4914,3,30,2.0,1.0,6.0,0.0,1.0,5.0,5.0,1.0,1.0,3.0,3.8,4.3,0.8837209302325582
1,1.2,1462,30,1,2,1395,3,30,2.0,1.0,2.0,0.0,5.0,0.0,0.0,0.0,1.0,3.0,2.94,4.0,0.735
1,1.2,1498,177,1,3,4870,3,30,2.0,5.0,0.0,0.0,5.0,0.0,0.0,0.0,1.0,3.0,4.0,4.0,1.0
1,1.2,1501,32,1,2,8172,3,30,2.0,5.0,0.0,0.0,5.0,0.0,0.0,0.0,1.0,3.0,2.75,4.0,0.6875
1,1.2,1540,33,2,2,5459,4,30,2.0,1.0,6.0,0.0,5.0,0.0,5.0,0.0,1.0,3.0,3.7,5.0,0.74
1,1.2,1542,42,1,2,8120,4,30,2.0,1.0,1.0,0.0,5.0,0.0,0.0,0.0,1.0,3.0,3.9,4.0,0.975
1,1.2,1571,41,1,2,1258,3,30,2.0,5.0,0.0,0.0,5.0,0.0,0.0,0.0,1.0,3.0,3.1,4.2,0.7380952380952381
1,1.2,1572,45,1,2,1205,5,30,2.0,5.0,0.0,0.0,5.0,0.0,0.0,0.0,1.0,3.0,2.9,4.5,0.6444444444444444
1,1.2,1572,46,1,2,1205,6,30,2.0,1.0,1.0,5.0,5.0,0.0,0.0,0.0,1.0,3.0,3.3,4.3,0.7674418604651163
1,1.2,1583,32,2,2,4337,2,30,2.0,5.0,0.0,0.0,5.0,0.0,5.0,0.0,1.0,3.0,3.2,4.0,0.8
1,1.2,1611,35,2,2,8788,3,30,2.0,5.0,0.0,0.0,5.0,0.0,5.0,0.0,1.0,3.0,3.5,4.0,0.875
1,1.2,1613,43,2,2,4154,3,30,2.0,1.0,1.0,0.0,5.0,0.0,0.0,0.0,4.0,3.0,3.3,4.0,0.825
1,1.2,1628,34,1,2,1492,3,60,2.0,1.0,2.0,0.0,5.0,0.0,5.0,5.0,1.0,3.0,4.53,5.0,0.906
1,1.2,1645,33,2,2,604,3,30,2.0,5.0,0.0,0.0,5.0,0.0,0.0,0.0,2.0,3.0,3.5,4.0,0.875
1,1.2,1645,34,1,2,2174,3,30,2.0,5.0,0.0,0.0,5.0,0.0,0.0,5.0,1.0,3.0,3.8,4.0,0.95
1,1.2,1690,37,2,2,1944,4,30,2.0,5.0,0.0,0.0,5.0,0.0,0.0,0.0,2.0,3.0,2.6,4.0,0.65
1,1.2,1695,55,1,2,2506,4,30,2.0,1.0,6.0,5.0,1.0,1.0,5.0,5.0,2.0,3.0,3.4,4.0,0.85
1,1.2,1695,56,1,2,4463,3,30,2.0,1.0,6.0,0.0,1.0,1.0,5.0,5.0,2.0,3.0,3.66,4.0,0.915
1,1.2,1697,50,1,2,3974,2,30,2.0,5.0,0.0,0.0,5.0,0.0,0.0,0.0,1.0,3.0,2.8,4.0,0.7
1,1.2,1722,41,2,2,1514,2,30,2.0,5.0,0.0,0.0,5.0,0.0,5.0,0.0,1.0,3.0,3.9,4.0,0.975
1,1.2,1722,43,2,2,1888,3,30,2.0,5.0,0.0,0.0,5.0,0.0,0.0,0.0,4.0,3.0,3.5,5.0,0.7
1,1.2,1751,30,2,2,2314,3,30,2.0,1.0,6.0,0.0,1.0,1.0,5.0,0.0,1.0,3.0,3.8,4.0,0.95
1,1.2,1762,47,2,2,1018,4,30,2.0,1.0,2.0,0.0,5.0,0.0,5.0,0.0,1.0,3.0,2.8,3.0,0.9333333333333332
1,1.2,1762,49,2,2,1043,3,33,2.0,1.0,2.0,0.0,5.0,0.0,5.0,5.0,1.0,3.0,3.2,4.0,0.8
1,1.2,1762,51,1,2,1070,3,30,2.0,1.0,3.0,0.0,5.0,0.0,5.0,0.0,2.0,3.0,4.0,6.0,0.6666666666666666
1,1.2,1887,40,1,2,3132,3,30,2.0,1.0,1.0,5.0,5.0,0.0,0.0,0.0,2.0,3.0,1.0,1.0,1.0
1,1.2,1905,34,1,2,520,4,30,2.0,1.0,1.0,0.0,5.0,0.0,5.0,5.0,2.0,3.0,3.5,4.0,0.875
1,1.2,1918,34,1,2,372,3,30,2.0,1.0,3.0,0.0,1.0,1.0,0.0,5.0,1.0,3.0,2.86,4.0,0.715
1,1.2,1936,32,1,2,6528,3,30,2.0,8.0,0.0,0.0,5.0,0.0,0.0,0.0,1.0,3.0,2.9,4.0,0.725
1,1.2,1936,33,1,2,6528,4,30,2.0,8.0,0.0,0.0,5.0,0.0,0.0,0.0,1.0,3.0,3.0,4.0,0.75
1,1.2,1956,31,1,2,8492,3,35,2.0,5.0,0.0,0.0,5.0,0.0,0.0,0.0,1.0,3.0,3.86,4.0,0.965
1,1.2,1970,33,1,2,7596,3,33,2.0,5.0,0.0,0.0,5.0,0.0,0.0,0.0,1.0,3.0,2.0,4.0,0.5
1,1.2,1972,31,2,2,8733,2,30,2.0,5.0,0.0,0.0,5.0,0.0,0.0,1.0,1.0,3.0,3.27,4.0,0.8175
1,1.2,1978,32,1,2,6086,4,30,2.0,1.0,3.0,0.0,5.0,0.0,0.0,0.0,1.0,3.0,3.75,4.0,0.9375
1,1.2,1994,36,2,2,8838,3,30,2.0,5.0,0.0,0.0,5.0,0.0,0.0,0.0,1.0,3.0,1.9,3.0,0.6333333333333333
1,1.2,2017,33,2,2,2040,2,30,2.0,1.0,6.0,0.0,5.0,0.0,0.0,0.0,1.0,3.0,3.0,4.0,0.75
1,1.2,2032,42,2,2,1399,2,30,2.0,5.0,0.0,0.0,5.0,0.0,0.0,0.0,1.0,3.0,2.8,4.0,0.7
1,1.2,2061,33,1,2,3975,2,30,2.0,5.0,0.0,0.0,5.0,0.0,0.0,0.0,1.0,3.0,2.77,4.0,0.6925
1,1.2,2119,190,2,3,2302,3,30,2.0,5.0,0.0,0.0,1.0,5.0,5.0,0.0,1.0,3.0,3.56,4.0,0.89
1,1.2,2129,38,2,2,7114,3,30,2.0,1.0,2.0,0.0,5.0,0.0,5.0,5.0,1.0,3.0,3.5,4.0,0.875
1,1.2,2164,43,2,2,6447,3,30,2.0,1.0,6.0,5.0,1.0,1.0,5.0,5.0,1.0,3.0,2.7,4.0,0.675
1,1.2,2164,45,2,2,6447,4,30,2.0,1.0,6.0,5.0,1.0,1.0,0.0,5.0,1.0,3.0,3.2,4.0,0.8
1,1.2,2175,34,2,2,668,5,30,2.0,1.0,2.0,5.0,1.0,5.0,5.0,0.0,1.0,3.0,4.5,5.0,0.9
1,1.2,2181,181,1,3,4868,6,33,2.0,1.0,1.0,0.0,5.0,0.0,0.0,0.0,1.0,3.0,3.0,4.0,0.75
1,1.2,2191,41,2,2,703,2,30,2.0,5.0,0.0,0.0,5.0,0.0,0.0,0.0,1.0,3.0,3.7,6.0,0.6166666666666667
1,1.2,2198,37,2,2,3357,3,33,2.0,1.0,1.0,0.0,5.0,0.0,0.0,0.0,1.0,3.0,3.7,4.0,0.925
1,1.2,2210,36,2,2,1822,3,30,2.0,1.0,2.0,0.0,5.0,0.0,5.0,0.0,1.0,3.0,3.0,4.0,0.75
1,1.2,2219,177,1,3,1493,4,30,2.0,1.0,1.0,5.0,5.0,0.0,5.0,0.0,1.0,3.0,3.0,4.5,0.6666666666666666
1,1.2,2224,46,1,2,1770,4,30,2.0,5.0,0.0,0.0,5.0,0.0,0.0,0.0,1.0,3.0,3.43,5.0,0.686
1,1.2,2243,34,1,2,8460,3,30,2.0,1.0,3.0,0.0,5.0,0.0,0.0,0.0,1.0,3.0,3.5,4.4,0.7954545454545454
1,1.2,2246,31,2,2,3576,3,30,2.0,1.0,6.0,0.0,1.0,1.0,0.0,0.0,1.0,3.0,3.59,4.0,0.8975
1,1.2,2248,35,2,2,7972,3,33,2.0,5.0,0.0,0.0,5.0,0.0,0.0,0.0,2.0,3.0,3.0,4.0,0.75
1,1.2,2248,36,2,2,7972,4,33,2.0,1.0,5.0,0.0,5.0,0.0,0.0,0.0,2.0,3.0,4.0,5.0,0.8
1,1.2,2255,33,2,2,3371,3,30,2.0,1.0,5.0,5.0,1.0,5.0,0.0,5.0,1.0,3.0,3.3,4.0,0.825
1,1.2,2256,32,1,2,5090,3,30,2.0,1.0,1.0,0.0,5.0,0.0,0.0,0.0,1.0,3.0,2.5,4.0,0.625
1,1.2,2282,33,1,2,7803,4,30,2.0,1.0,1.0,0.0,5.0,0.0,5.0,5.0,1.0,3.0,2.8,4.4,0.6363636363636362
1,1.2,2282,34,1,2,6215,2,30,2.0,1.0,1.0,0.0,5.0,0.0,0.0,0.0,1.0,3.0,3.0,4.0,0.75
1,1.2,2288,35,1,2,8530,3,70,2.0,5.0,0.0,0.0,1.0,5.0,0.0,0.0,1.0,3.0,3.1,4.0,0.775
1,1.2,2297,35,2,2,6526,4,30,2.0,5.0,0.0,0.0,5.0,0.0,5.0,0.0,1.0,3.0,3.5,4.0,0.875
1,1.2,2330,33,1,2,4904,2,30,2.0,5.0,0.0,5.0,5.0,0.0,0.0,0.0,2.0,3.0,3.1,4.0,0.775
1,1.2,2336,32,1,2,6106,3,30,2.0,1.0,6.0,5.0,5.0,0.0,5.0,0.0,1.0,3.0,4.0,4.0,1.0
1,1.2,2339,37,1,2,6313,3,33,2.0,1.0,2.0,0.0,1.0,1.0,0.0,0.0,2.0,3.0,1.8,4.0,0.45
1,1.2,2383,30,2,2,5607,4,30,2.0,5.0,0.0,0.0,1.0,5.0,5.0,0.0,2.0,3.0,3.89,4.5,0.8644444444444445
1,1.2,2410,34,2,2,8324,3,30,2.0,1.0,1.0,0.0,1.0,5.0,5.0,0.0,1.0,3.0,3.6,4.0,0.9
1,1.2,2412,34,2,2,924,4,30,2.0,1.0,1.0,0.0,5.0,0.0,0.0,0.0,1.0,3.0,3.4,4.0,0.85
1,1.2,2432,56,1,2,494,3,30,2.0,1.0,1.0,0.0,5.0,0.0,0.0,0.0,2.0,3.0,3.64,4.0,0.91
1,1.2,2434,34,1,2,5711,4,70,2.0,1.0,6.0,0.0,1.0,1.0,0.0,5.0,5.0,3.0,2.7,4.0,0.675
1,1.2,2436,40,1,2,4178,2,30,2.0,5.0,0.0,5.0,5.0,0.0,0.0,0.0,1.0,3.0,3.4,4.0,0.85
1,1.2,2443,34,2,2,1458,2,30,2.0,5.0,0.0,0.0,5.0,0.0,5.0,0.0,1.0,3.0,2.9,4.0,0.725
1,1.2,2464,33,2,2,2027,4,30,2.0,5.0,0.0,0.0,5.0,0.0,0.0,0.0,1.0,3.0,4.0,4.0,1.0
1,1.2,2478,33,1,2,6169,3,30,2.0,1.0,2.0,0.0,5.0,0.0,5.0,0.0,1.0,3.0,3.2,4.0,0.8
1,1.2,2479,30,1,2,6214,4,30,2.0,5.0,0.0,5.0,5.0,0.0,0.0,0.0,2.0,3.0,1.4,4.0,0.35
1,1.2,2487,180,2,3,2576,3,33,2.0,1.0,3.0,0.0,1.0,5.0,5.0,0.0,1.0,3.0,3.0,4.0,0.75
1,1.2,2490,37,2,2,8123,3,30,2.0,5.0,0.0,0.0,5.0,0.0,0.0,0.0,1.0,3.0,3.25,4.0,0.8125
1,1.2,2502,38,2,2,6056,4,30,2.0,5.0,0.0,0.0,5.0,0.0,5.0,5.0,2.0,3.0,2.1,4.0,0.525
1,1.2,2509,45,2,2,4095,4,30,2.0,1.0,2.0,0.0,1.0,5.0,0.0,5.0,2.0,3.0,4.0,4.0,1.0
1,1.2,2515,43,1,2,8526,4,30,2.0,5.0,0.0,0.0,5.0,0.0,0.0,0.0,1.0,3.0,3.6,4.0,0.9
1,1.2,2524,32,2,2,2368,3,30,2.0,1.0,1.0,0.0,5.0,0.0,5.0,5.0,1.0,3.0,3.5,4.0,0.875
1,1.2,2524,33,1,2,2481,4,30,2.0,1.0,1.0,0.0,5.0,0.0,5.0,0.0,1.0,3.0,3.7,4.0,0.925
1,1.2,2524,34,1,2,1961,4,30,2.0,1.0,2.0,0.0,1.0,5.0,5.0,5.0,3.0,3.0,3.3,4.0,0.825
1,1.2,2526,36,1,2,2705,3,30,2.0,5.0,0.0,0.0,1.0,1.0,0.0,0.0,1.0,3.0,3.5,4.0,0.875
1,1.2,2530,39,1,2,7981,4,30,2.0,1.0,3.0,0.0,5.0,0.0,0.0,5.0,2.0,3.0,3.86,4.0,0.965
1,1.2,2593,34,2,2,7418,2,30,2.0,5.0,0.0,0.0,5.0,0.0,0.0,0.0,1.0,3.0,3.5,4.0,0.875
1,1.2,2610,33,1,2,1662,4,30,2.0,1.0,1.0,5.0,5.0,0.0,5.0,0.0,3.0,3.0,2.3,3.2,0.7187499999999999
1,1.2,2611,40,2,2,2852,3,33,2.0,1.0,1.0,5.0,5.0,0.0,0.0,5.0,1.0,3.0,2.8,4.5,0.6222222222222222
1,1.2,2611,189,2,3,2808,5,30,2.0,5.0,0.0,0.0,5.0,0.0,0.0,0.0,1.0,3.0,3.1,4.0,0.775
1,1.2,2614,178,2,3,6820,4,30,2.0,1.0,1.0,0.0,5.0,0.0,5.0,0.0,1.0,3.0,3.3,4.0,0.825
1,1.2,2615,51,1,2,2660,4,30,2.0,1.0,1.0,0.0,5.0,0.0,5.0,5.0,2.0,3.0,3.9,4.0,0.975
1,1.2,2618,38,1,2,4678,5,30,2.0,1.0,6.0,0.0,5.0,0.0,5.0,5.0,1.0,3.0,3.8,4.0,0.95
1,1.2,2628,39,1,2,6613,3,30,2.0,1.0,3.0,0.0,5.0,0.0,0.0,0.0,1.0,3.0,3.6,4.0,0.9
1,1.2,2633,33,2,2,6040,3,30,2.0,1.0,3.0,0.0,1.0,1.0,0.0,0.0,2.0,3.0,4.0,4.0,1.0
1,1.2,2635,31,1,2,1786,3,30,2.0,5.0,0.0,0.0,5.0,0.0,5.0,0.0,1.0,3.0,4.11,5.0,0.8220000000000001
1,1.2,2640,31,1,2,2311,3,30,2.0,1.0,1.0,0.0,5.0,0.0,0.0,0.0,1.0,3.0,3.75,5.0,0.75
1,1.2,2642,36,1,2,8561,3,30,2.0,5.0,0.0,5.0,5.0,0.0,0.0,0.0,1.0,3.0,3.2,4.5,0.7111111111111111
1,1.2,2665,40,1,2,1107,4,30,2.0,5.0,0.0,0.0,5.0,0.0,0.0,0.0,0.0,3.0,2.3,4.0,0.575
1,1.2,2688,37,2,2,3414,2,30,2.0,5.0,0.0,0.0,5.0,0.0,0.0,0.0,4.0,3.0,4.0,4.0,1.0
1,1.2,2701,54,1,2,8422,2,30,2.0,5.0,0.0,5.0,5.0,0.0,0.0,5.0,1.0,3.0,3.4,4.0,0.85
1,1.2,2712,33,2,2,7547,3,30,2.0,5.0,0.0,0.0,5.0,0.0,0.0,5.0,1.0,3.0,3.6,4.0,0.9
1,1.2,2712,34,2,2,1784,3,30,2.0,5.0,0.0,0.0,5.0,0.0,0.0,5.0,5.0,3.0,3.0,4.0,0.75
1,1.2,2712,35,2,2,1784,4,30,2.0,1.0,6.0,0.0,1.0,1.0,5.0,5.0,1.0,3.0,3.5,4.3,0.813953488372093
1,1.2,2755,32,2,2,2123,3,30,2.0,1.0,2.0,0.0,1.0,1.0,0.0,5.0,1.0,3.0,3.84,4.0,0.96
1,1.2,2827,32,1,2,6502,4,30,2.0,5.0,0.0,0.0,5.0,0.0,0.0,0.0,1.0,3.0,2.3,3.0,0.7666666666666666
1,1.2,2827,178,1,3,6502,3,30,2.0,5.0,0.0,0.0,5.0,0.0,0.0,0.0,1.0,3.0,2.3,2.0,1.15
1,1.2,2831,34,1,2,3867,4,30,2.0,5.0,0.0,5.0,5.0,0.0,0.0,5.0,5.0,3.0,2.0,4.0,0.5
1,1.2,2835,32,2,2,7118,4,30,2.0,1.0,2.0,0.0,5.0,0.0,5.0,5.0,1.0,3.0,3.98,4.0,0.995
1,1.2,2852,56,2,2,2057,2,30,2.0,1.0,5.0,0.0,1.0,1.0,5.0,5.0,1.0,3.0,3.8,4.0,0.95
1,1.2,2852,57,1,2,5532,5,30,2.0,5.0,0.0,0.0,5.0,0.0,0.0,0.0,1.0,3.0,1.4,4.0,0.35
1,1.2,2860,33,1,2,1578,2,60,2.0,1.0,1.0,0.0,5.0,0.0,0.0,5.0,1.0,3.0,2.4,4.0,0.6
1,1.2,2880,32,1,2,7178,2,30,2.0,1.0,1.0,0.0,1.0,1.0,0.0,0.0,1.0,3.0,3.7,4.25,0.8705882352941177
1,1.2,2881,38,2,2,453,3,30,2.0,1.0,2.0,5.0,1.0,5.0,5.0,5.0,1.0,3.0,3.2,4.0,0.8
1,1.2,2900,33,1,2,2324,3,30,2.0,5.0,0.0,5.0,5.0,0.0,0.0,0.0,2.0,3.0,3.92,4.0,0.98
1,1.2,3052,30,1,2,9001,2,30,2.0,5.0,0.0,0.0,5.0,0.0,0.0,0.0,5.0,3.0,2.5,5.0,0.5
1,1.2,3078,30,2,2,8114,3,30,2.0,5.0,0.0,5.0,5.0,0.0,0.0,0.0,1.0,3.0,3.4,4.5,0.7555555555555555
1,1.2,3086,30,1,2,8228,3,30,2.0,1.0,6.0,5.0,1.0,1.0,0.0,1.0,1.0,3.0,2.8,4.0,0.7
1,1.2,3094,30,1,2,5878,4,30,2.0,5.0,0.0,0.0,5.0,0.0,0.0,0.0,2.0,3.0,4.13,4.3,0.9604651162790698
1,1.2,3096,30,2,2,5852,4,30,2.0,1.0,3.0,5.0,5.0,0.0,5.0,5.0,2.0,3.0,3.42,4.0,0.855
1,1.2,3137,30,1,2,6217,2,30,2.0,5.0,0.0,0.0,1.0,1.0,0.0,0.0,1.0,3.0,3.15,4.0,0.7875
1,1.2,3147,30,2,2,6712,3,35,2.0,1.0,2.0,0.0,5.0,0.0,0.0,0.0,2.0,3.0,3.34,4.0,0.835
1,1.2,3149,30,2,2,7605,4,30,2.0,1.0,5.0,0.0,1.0,5.0,0.0,0.0,1.0,3.0,2.6,5.0,0.52
1,1.2,3151,30,1,2,6150,5,30,2.0,5.0,0.0,0.0,5.0,0.0,0.0,0.0,2.0,3.0,3.4,4.0,0.85
1,1.2,3208,30,1,2,6218,4,30,2.0,5.0,0.0,0.0,5.0,0.0,5.0,1.0,4.0,3.0,3.0,4.0,0.75
1,1.2,3214,30,2,2,30,3,30,2.0,5.0,0.0,0.0,5.0,0.0,5.0,0.0,1.0,3.0,2.5,4.0,0.625
1,1.2,3217,30,2,2,7529,4,30,2.0,1.0,5.0,0.0,5.0,0.0,5.0,5.0,3.0,3.0,3.4,4.0,0.85
1,1.2,3242,30,1,2,6567,3,30,2.0,5.0,0.0,0.0,5.0,0.0,5.0,0.0,1.0,3.0,2.88,4.5,0.64
1,1.2,3257,30,1,2,6524,4,30,2.0,5.0,0.0,0.0,8.0,0.0,0.0,0.0,1.0,3.0,3.6,4.0,0.9
1,1.2,3348,30,1,2,5358,3,30,2.0,1.0,5.0,0.0,1.0,1.0,0.0,0.0,2.0,3.0,3.78,4.0,0.945
1,1.2,3348,31,1,2,5358,4,30,2.0,5.0,0.0,5.0,5.0,0.0,0.0,0.0,2.0,3.0,2.49,4.0,0.6225
1,1.2,3356,30,2,2,2455,3,30,2.0,5.0,0.0,0.0,5.0,0.0,0.0,0.0,2.0,3.0,3.6,4.0,0.9
1,1.2,3367,30,2,2,6092,5,30,2.0,5.0,0.0,0.0,5.0,0.0,0.0,5.0,2.0,3.0,3.14,4.0,0.785
1,1.2,3367,31,1,2,6092,6,30,2.0,5.0,0.0,0.0,5.0,0.0,0.0,0.0,2.0,3.0,2.5,4.2,0.5952380952380952
1,1.2,3367,32,2,2,6092,7,30,2.0,5.0,0.0,0.0,5.0,0.0,0.0,0.0,4.0,3.0,2.0,4.0,0.5
1,1.2,3381,30,2,2,6224,2,30,2.0,1.0,5.0,0.0,5.0,0.0,0.0,0.0,1.0,3.0,3.25,4.0,0.8125
1,1.2,3394,30,1,2,6293,3,30,2.0,1.0,1.0,0.0,5.0,0.0,5.0,0.0,1.0,3.0,3.4,4.0,0.85
1,1.2,3405,30,1,2,7683,2,30,2.0,1.0,2.0,0.0,5.0,0.0,5.0,0.0,1.0,3.0,3.8,4.0,0.95
1,1.2,3407,31,2,2,2968,3,30,2.0,1.0,6.0,0.0,1.0,1.0,0.0,0.0,3.0,3.0,3.2,4.0,0.8
1,1.2,3414,31,1,2,4152,2,30,2.0,1.0,5.0,0.0,5.0,0.0,5.0,0.0,1.0,3.0,4.1,5.0,0.82
1,1.2,3415,30,1,2,7836,2,30,2.0,5.0,0.0,0.0,5.0,0.0,0.0,0.0,1.0,3.0,3.0,4.0,0.75
1,1.2,3415,31,2,2,7836,3,30,2.0,5.0,0.0,0.0,5.0,0.0,0.0,0.0,1.0,3.0,3.83,4.0,0.9575
1,1.2,3424,30,2,2,8423,2,30,2.0,5.0,0.0,5.0,1.0,1.0,5.0,5.0,4.0,3.0,3.12,4.0,0.78
1,1.2,3430,30,2,2,7841,3,30,2.0,1.0,2.0,0.0,1.0,1.0,5.0,0.0,1.0,3.0,4.0,4.2,0.9523809523809523
1,1.2,3438,30,1,2,8096,4,30,2.0,5.0,0.0,0.0,5.0,0.0,0.0,0.0,2.0,3.0,2.9,4.0,0.725
1,1.2,3441,30,2,2,6050,5,30,2.0,1.0,4.0,0.0,5.0,0.0,0.0,0.0,5.0,3.0,3.5,4.0,0.875
1,1.2,3459,30,2,2,7681,3,30,2.0,5.0,0.0,1.0,1.0,5.0,0.0,0.0,2.0,3.0,3.5,4.0,0.875
1,1.2,3502,6,2,1,6994,4,30,2.0,5.0,0.0,0.0,5.0,0.0,0.0,0.0,1.0,3.0,3.5,4.4,0.7954545454545454
1,1.2,5010,32,2,2,875,2,30,2.0,1.0,3.0,0.0,1.0,1.0,1.0,0.0,2.0,3.0,2.9,4.0,0.725
1,1.2,5015,40,1,2,63,3,30,2.0,5.0,0.0,5.0,5.0,0.0,5.0,0.0,1.0,3.0,1.9,2.5,0.76
1,1.2,5015,41,2,2,3586,5,30,2.0,5.0,0.0,5.0,1.0,5.0,5.0,0.0,1.0,3.0,3.0,4.5,0.6666666666666666
1,1.2,5018,35,1,2,7630,3,30,2.0,1.0,2.0,0.0,1.0,1.0,0.0,0.0,1.0,3.0,3.0,4.19,0.7159904534606205
1,1.2,5031,53,1,2,1480,2,70,2.0,5.0,0.0,5.0,5.0,0.0,0.0,0.0,1.0,3.0,2.1,3.0,0.7000000000000001
1,1.2,5048,49,2,2,957,3,33,2.0,5.0,0.0,0.0,5.0,0.0,0.0,0.0,2.0,3.0,2.8,4.0,0.7
1,1.2,5052,53,1,2,5521,3,30,2.0,5.0,0.0,0.0,5.0,0.0,0.0,0.0,3.0,3.0,2.67,4.0,0.6675
1,1.2,5052,54,2,2,1491,2,30,2.0,1.0,6.0,0.0,1.0,5.0,0.0,0.0,1.0,3.0,3.3,4.0,0.825
1,1.2,5055,48,1,2,4704,2,30,2.0,5.0,0.0,0.0,5.0,0.0,0.0,0.0,1.0,3.0,2.7,3.0,0.9
1,1.2,5055,49,1,2,2355,3,30,2.0,1.0,6.0,0.0,5.0,0.0,0.0,0.0,1.0,3.0,2.0,4.0,0.5
1,1.2,5055,50,2,2,4704,3,30,2.0,5.0,0.0,0.0,1.0,5.0,0.0,0.0,2.0,3.0,3.5,4.0,0.875
1,1.2,5055,51,1,2,1893,2,30,2.0,5.0,0.0,0.0,5.0,0.0,0.0,0.0,1.0,3.0,2.9,4.0,0.725
1,1.2,5055,196,2,3,2782,4,60,2.0,1.0,6.0,0.0,1.0,5.0,0.0,0.0,2.0,3.0,3.7,4.0,0.925
1,1.2,5065,48,1,2,7468,3,30,2.0,1.0,1.0,5.0,5.0,0.0,0.0,0.0,2.0,3.0,3.0,3.8,0.7894736842105263
1,1.2,5065,49,1,2,7468,4,30,2.0,1.0,1.0,5.0,1.0,1.0,0.0,0.0,2.0,3.0,2.9,4.0,0.725
1,1.2,5066,186,1,3,4320,2,30,2.0,5.0,0.0,0.0,5.0,0.0,0.0,0.0,1.0,3.0,1.8,4.0,0.45
1,1.2,5071,37,1,2,1834,2,30,2.0,5.0,0.0,0.0,5.0,0.0,0.0,0.0,2.0,3.0,2.02,4.0,0.505
1,1.2,5120,34,1,2,4007,2,30,2.0,5.0,0.0,0.0,5.0,0.0,0.0,0.0,1.0,3.0,4.3,5.0,0.86
1,1.2,5120,36,1,2,8625,4,30,2.0,1.0,1.0,0.0,1.0,1.0,0.0,0.0,3.0,3.0,2.1,2.15,0.9767441860465117
1,1.2,5126,36,2,2,2169,2,30,2.0,5.0,0.0,5.0,5.0,0.0,0.0,0.0,1.0,3.0,2.9,4.0,0.725
1,1.2,5136,44,2,2,4509,2,30,2.0,1.0,2.0,0.0,1.0,5.0,0.0,5.0,2.0,3.0,3.1,4.0,0.775
1,1.2,5136,45,1,2,2781,2,30,2.0,1.0,1.0,0.0,5.0,0.0,0.0,0.0,2.0,3.0,2.8,4.0,0.7
1,1.2,5136,46,2,2,3458,2,30,2.0,5.0,0.0,0.0,1.0,5.0,5.0,5.0,2.0,3.0,3.0,4.0,0.75
1,1.2,5177,37,2,2,6523,2,30,2.0,5.0,0.0,0.0,5.0,0.0,0.0,0.0,1.0,3.0,2.7,4.0,0.675
1,1.2,5182,50,1,2,551,3,30,2.0,5.0,0.0,0.0,5.0,0.0,5.0,0.0,1.0,3.0,3.63,4.0,0.9075
1,1.2,5182,51,1,2,2786,5,30,2.0,5.0,0.0,5.0,5.0,0.0,5.0,0.0,1.0,3.0,3.5,4.0,0.875
1,1.2,5199,36,2,2,2649,3,30,2.0,1.0,5.0,0.0,1.0,1.0,0.0,0.0,2.0,3.0,3.8,4.3,0.8837209302325582
1,1.2,5299,59,1,2,937,4,33,2.0,5.0,0.0,5.0,5.0,0.0,0.0,0.0,2.0,3.0,3.4,4.0,0.85
1,1.2,5306,34,1,2,1797,3,70,2.0,1.0,1.0,0.0,1.0,1.0,0.0,1.0,4.0,3.0,3.5,4.0,0.875
1,1.2,5314,39,2,2,4500,2,40,2.0,5.0,0.0,0.0,5.0,0.0,0.0,5.0,1.0,3.0,2.23,4.0,0.5575
1,1.2,5314,40,2,2,1026,2,30,2.0,5.0,0.0,0.0,5.0,0.0,0.0,0.0,2.0,3.0,2.3,3.0,0.7666666666666666
1,1.2,5314,41,2,2,1026,3,30,2.0,5.0,0.0,0.0,5.0,0.0,0.0,0.0,1.0,3.0,3.1,4.0,0.775
1,1.2,5332,198,1,3,8468,4,30,2.0,5.0,0.0,0.0,5.0,0.0,0.0,0.0,2.0,3.0,3.83,4.0,0.9575
1,1.2,5348,35,1,2,8950,2,30,2.0,5.0,0.0,0.0,5.0,0.0,0.0,1.0,1.0,3.0,2.7,4.0,0.675
1,1.2,5350,40,2,2,9089,3,30,2.0,1.0,5.0,0.0,5.0,0.0,0.0,0.0,2.0,3.0,3.2,4.0,0.8
1,1.2,5366,50,1,2,1327,3,33,2.0,5.0,0.0,5.0,5.0,0.0,5.0,0.0,1.0,3.0,2.67,4.0,0.6675
1,1.2,5370,43,1,2,7243,3,33,2.0,1.0,5.0,0.0,1.0,1.0,5.0,0.0,2.0,3.0,2.7,4.0,0.675
1,1.2,5392,41,1,2,2946,3,30,2.0,5.0,0.0,0.0,5.0,0.0,0.0,0.0,1.0,3.0,2.9,4.0,0.725
1,1.2,5397,37,2,2,7255,3,35,2.0,5.0,0.0,0.0,5.0,0.0,0.0,0.0,1.0,3.0,3.1,5.0,0.62
1,1.2,5430,63,2,2,3191,3,30,2.0,5.0,0.0,0.0,5.0,0.0,0.0,0.0,1.0,3.0,3.7,4.0,0.925
1,1.2,5443,36,2,2,3143,4,30,2.0,1.0,4.0,0.0,1.0,1.0,0.0,0.0,1.0,3.0,2.9,4.0,0.725
1,1.2,5449,35,1,2,4045,3,30,2.0,5.0,0.0,0.0,5.0,0.0,0.0,0.0,1.0,3.0,3.2,5.0,0.64
1,1.2,5459,34,1,2,2603,3,30,2.0,5.0,0.0,0.0,5.0,0.0,5.0,0.0,2.0,3.0,2.5,4.0,0.625
1,1.2,5463,188,1,3,613,4,30,2.0,5.0,0.0,0.0,5.0,0.0,0.0,0.0,1.0,3.0,3.0,4.0,0.75
1,1.2,5493,203,1,3,3346,2,30,2.0,5.0,0.0,0.0,5.0,0.0,0.0,0.0,1.0,3.0,2.9,4.0,0.725
1,1.2,5493,204,2,3,3346,3,30,2.0,5.0,0.0,0.0,5.0,0.0,0.0,0.0,1.0,3.0,3.0,5.5,0.5454545454545454
1,1.2,5501,45,2,2,8960,3,30,2.0,5.0,0.0,5.0,5.0,0.0,0.0,0.0,1.0,3.0,2.6,4.0,0.65
1,1.2,5513,36,1,2,2387,3,30,2.0,5.0,0.0,5.0,5.0,0.0,0.0,5.0,0.0,3.0,2.8,3.0,0.9333333333333332
1,1.2,5513,37,2,2,2387,2,30,2.0,5.0,0.0,0.0,5.0,0.0,0.0,0.0,0.0,3.0,0.9,4.0,0.225
1,1.2,5527,32,2,2,2760,3,30,2.0,5.0,0.0,0.0,1.0,5.0,0.0,0.0,1.0,3.0,3.4,4.1,0.8292682926829269
1,1.2,5553,33,2,2,3500,3,30,2.0,1.0,1.0,0.0,1.0,5.0,5.0,0.0,1.0,3.0,3.0,4.0,0.75
1,1.2,5560,43,1,2,4138,4,30,2.0,1.0,1.0,0.0,5.0,0.0,5.0,5.0,3.0,3.0,3.6,4.0,0.9
1,1.2,5565,36,2,2,8835,2,30,2.0,1.0,4.0,0.0,5.0,0.0,5.0,0.0,3.0,3.0,3.0,4.0,0.75
1,1.2,5566,33,1,2,5241,5,30,2.0,1.0,1.0,0.0,5.0,0.0,0.0,5.0,1.0,3.0,3.2,5.0,0.64
1,1.2,5570,48,2,2,5720,4,30,2.0,1.0,1.0,5.0,5.0,0.0,5.0,1.0,1.0,3.0,3.5,4.5,0.7777777777777778
1,1.2,5621,36,2,2,5547,4,30,2.0,5.0,0.0,0.0,5.0,0.0,0.0,0.0,2.0,3.0,3.1,4.0,0.775
1,1.2,5623,58,2,2,6114,2,30,2.0,5.0,0.0,5.0,1.0,5.0,5.0,0.0,1.0,3.0,2.4,4.0,0.6
1,1.2,5676,197,2,3,1732,4,70,2.0,5.0,0.0,0.0,5.0,0.0,0.0,0.0,1.0,3.0,3.87,4.2,0.9214285714285714
1,1.2,5771,31,1,2,4605,3,30,2.0,5.0,0.0,0.0,5.0,0.0,0.0,5.0,4.0,3.0,4.0,4.0,1.0
1,1.2,5813,37,2,2,1840,3,60,2.0,1.0,1.0,0.0,5.0,0.0,0.0,0.0,0.0,3.0,2.8,4.0,0.7
1,1.2,5814,42,1,2,3345,2,30,2.0,1.0,2.0,0.0,1.0,1.0,5.0,0.0,1.0,3.0,3.2,5.0,0.64
1,1.2,5814,44,1,2,5190,3,30,2.0,1.0,4.0,0.0,5.0,0.0,0.0,0.0,1.0,3.0,4.4,5.0,0.8800000000000001
1,1.2,5826,185,2,3,4825,5,60,2.0,5.0,0.0,0.0,5.0,0.0,0.0,0.0,5.0,3.0,2.9,4.0,0.725
1,1.2,5849,50,2,2,6475,4,30,2.0,5.0,0.0,5.0,1.0,1.0,0.0,0.0,1.0,3.0,2.0,4.0,0.5
1,1.2,5871,31,1,2,4999,3,30,2.0,5.0,0.0,0.0,1.0,1.0,0.0,0.0,1.0,3.0,3.83,5.0,0.766
1,1.2,5872,42,2,2,3793,3,30,2.0,5.0,0.0,0.0,5.0,0.0,5.0,0.0,1.0,3.0,3.0,4.0,0.75
1,1.2,5872,43,1,2,4696,2,30,2.0,5.0,0.0,0.0,5.0,0.0,0.0,0.0,2.0,3.0,2.8,3.8,0.7368421052631579
1,1.2,5904,54,1,2,3447,3,30,2.0,5.0,0.0,0.0,5.0,0.0,0.0,0.0,1.0,3.0,1.5,3.0,0.5
1,1.2,5904,55,1,2,2338,4,30,2.0,1.0,1.0,1.0,1.0,1.0,0.0,0.0,1.0,3.0,3.0,4.0,0.75
1,1.2,5904,56,2,2,167,3,30,2.0,5.0,0.0,5.0,5.0,0.0,0.0,0.0,1.0,3.0,2.5,4.0,0.625
1,1.2,5921,34,2,2,1738,5,30,2.0,1.0,6.0,0.0,1.0,1.0,0.0,0.0,2.0,3.0,2.9,4.0,0.725
1,1.2,5922,46,1,2,3075,3,30,2.0,5.0,0.0,5.0,5.0,0.0,5.0,0.0,1.0,3.0,1.0,1.0,1.0
1,1.2,5925,44,1,2,8309,3,30,2.0,1.0,2.0,0.0,1.0,1.0,5.0,0.0,2.0,3.0,3.0,5.0,0.6
1,1.2,5926,37,2,2,3101,3,30,2.0,1.0,6.0,0.0,1.0,1.0,5.0,5.0,2.0,3.0,3.95,4.0,0.9875
1,1.2,5926,38,1,2,4307,3,30,2.0,1.0,1.0,0.0,5.0,0.0,0.0,0.0,2.0,3.0,3.3,4.0,0.825
1,1.2,5938,35,2,2,7737,2,30,2.0,1.0,1.0,0.0,5.0,0.0,0.0,0.0,1.0,3.0,1.5,4.0,0.375
1,1.2,5938,36,1,2,982,4,30,2.0,5.0,0.0,0.0,5.0,0.0,0.0,0.0,2.0,3.0,2.9,4.0,0.725
1,1.2,5942,175,1,3,8162,2,30,2.0,5.0,0.0,0.0,5.0,0.0,0.0,0.0,1.0,3.0,3.2,4.0,0.8
1,1.2,5959,39,2,2,1664,4,30,2.0,5.0,0.0,0.0,1.0,1.0,0.0,1.0,1.0,3.0,3.5,4.0,0.875
1,1.2,5959,183,2,3,1664,3,30,2.0,5.0,0.0,0.0,5.0,0.0,0.0,0.0,1.0,3.0,3.1,4.0,0.775
1,1.2,5960,51,1,2,5216,2,30,2.0,5.0,0.0,0.0,5.0,0.0,0.0,0.0,1.0,3.0,3.0,4.0,0.75
1,1.2,5960,193,1,3,6173,3,30,2.0,8.0,0.0,0.0,5.0,0.0,0.0,1.0,1.0,3.0,3.2,4.3,0.744186046511628
1,1.2,5987,193,1,3,1573,2,60,2.0,5.0,0.0,0.0,5.0,0.0,0.0,0.0,1.0,3.0,2.8,4.0,0.7
1,1.2,5990,38,1,2,2406,2,30,2.0,5.0,0.0,5.0,5.0,0.0,0.0,0.0,1.0,3.0,3.0,4.0,0.75
1,1.2,6026,38,2,2,8305,2,30,2.0,1.0,3.0,0.0,5.0,0.0,5.0,0.0,1.0,3.0,3.3,4.1,0.8048780487804879
1,1.2,6041,41,1,2,2430,2,30,2.0,5.0,0.0,0.0,5.0,0.0,0.0,0.0,2.0,3.0,3.5,4.0,0.875
1,1.2,6051,40,1,2,64,2,70,2.0,1.0,5.0,5.0,5.0,0.0,5.0,0.0,1.0,3.0,2.0,4.0,0.5
1,1.2,6053,38,1,2,2617,3,30,2.0,5.0,0.0,0.0,5.0,0.0,5.0,0.0,0.0,3.0,2.8,4.0,0.7
1,1.2,6073,39,1,2,3906,3,30,2.0,1.0,3.0,0.0,1.0,1.0,5.0,0.0,2.0,3.0,4.3,5.0,0.86
1,1.2,6112,37,2,2,1731,4,30,2.0,1.0,6.0,0.0,1.0,5.0,0.0,5.0,2.0,3.0,3.2,9.8,0.32653061224489793
1,1.2,6112,39,2,2,2092,5,30,2.0,5.0,0.0,5.0,5.0,0.0,0.0,0.0,1.0,3.0,2.0,3.9,0.5128205128205129
1,1.2,6115,56,2,2,6171,3,33,2.0,5.0,0.0,0.0,1.0,5.0,0.0,0.0,2.0,3.0,2.8,3.5,0.7999999999999999
1,1.2,6120,35,2,2,2833,2,30,2.0,5.0,0.0,0.0,5.0,0.0,0.0,0.0,2.0,3.0,3.5,4.0,0.875
1,1.2,6121,64,2,2,839,4,30,2.0,5.0,0.0,0.0,5.0,0.0,0.0,0.0,4.0,3.0,3.0,4.0,0.75
1,1.2,6127,41,2,2,3941,2,30,2.0,5.0,0.0,0.0,5.0,0.0,0.0,0.0,2.0,3.0,3.2,4.0,0.8
1,1.2,6129,38,2,2,5621,4,30,2.0,5.0,0.0,5.0,5.0,0.0,0.0,0.0,1.0,3.0,3.3,4.2,0.7857142857142856
1,1.2,6159,41,1,2,2472,2,30,2.0,1.0,1.0,0.0,5.0,0.0,5.0,0.0,3.0,3.0,2.0,3.0,0.6666666666666666
1,1.2,6159,42,2,2,4986,3,33,2.0,5.0,0.0,0.0,5.0,0.0,0.0,0.0,0.0,3.0,3.8,4.2,0.9047619047619047
1,1.2,6165,39,1,2,3432,6,30,2.0,5.0,0.0,0.0,5.0,0.0,0.0,0.0,2.0,3.0,3.2,4.3,0.744186046511628
1,1.2,6166,64,2,2,5684,4,60,2.0,5.0,0.0,0.0,5.0,0.0,0.0,0.0,2.0,3.0,3.2,4.0,0.8
1,1.2,6166,67,1,2,5308,3,30,2.0,5.0,0.0,0.0,5.0,0.0,5.0,0.0,3.0,3.0,2.8,4.0,0.7
1,1.2,6171,199,2,3,2693,3,30,2.0,1.0,2.0,5.0,5.0,0.0,5.0,5.0,1.0,3.0,3.2,3.4,0.9411764705882354
1,1.2,6191,32,1,2,5160,3,30,2.0,5.0,0.0,5.0,5.0,0.0,0.0,0.0,1.0,3.0,2.0,4.0,0.5
1,1.2,6191,33,1,2,4888,3,30,2.0,5.0,0.0,5.0,5.0,0.0,0.0,0.0,1.0,3.0,2.4,4.0,0.6
1,1.2,6205,43,2,2,3319,2,30,2.0,5.0,0.0,5.0,1.0,1.0,0.0,0.0,2.0,3.0,3.2,6.5,0.49230769230769234
1,1.2,6205,45,2,2,5189,2,30,2.0,5.0,0.0,0.0,5.0,0.0,0.0,5.0,1.0,3.0,3.5,4.0,0.875
1,1.2,6210,42,1,2,4416,4,30,2.0,5.0,0.0,0.0,5.0,0.0,5.0,0.0,1.0,3.0,2.8,4.0,0.7
1,1.2,6228,181,2,3,4330,3,30,2.0,5.0,0.0,0.0,5.0,0.0,0.0,5.0,1.0,3.0,2.6,4.5,0.5777777777777778
1,1.2,6231,43,1,2,7201,2,30,2.0,5.0,0.0,0.0,5.0,0.0,0.0,0.0,1.0,3.0,2.1,4.0,0.525
1,1.2,6262,39,1,2,7400,4,30,2.0,5.0,0.0,5.0,5.0,0.0,5.0,5.0,2.0,3.0,2.87,4.0,0.7175
1,1.2,6287,46,1,2,1700,2,30,2.0,5.0,0.0,5.0,5.0,0.0,5.0,0.0,0.0,3.0,2.7,3.7,0.7297297297297297
1,1.2,6287,47,1,2,1894,4,35,2.0,5.0,0.0,0.0,1.0,1.0,0.0,0.0,1.0,3.0,2.8,4.6,0.6086956521739131
1,1.2,6335,39,2,2,3390,4,35,2.0,5.0,0.0,5.0,5.0,0.0,0.0,0.0,1.0,3.0,3.5,4.0,0.875
1,1.2,6368,36,2,2,6898,2,30,2.0,5.0,0.0,5.0,5.0,0.0,5.0,0.0,1.0,3.0,2.2,4.0,0.55
1,1.2,6381,42,1,2,3931,2,30,2.0,5.0,0.0,5.0,5.0,0.0,0.0,5.0,1.0,3.0,2.1,4.0,0.525
1,1.2,6381,190,1,3,3905,2,30,2.0,5.0,0.0,0.0,5.0,0.0,0.0,0.0,1.0,3.0,2.1,4.5,0.4666666666666667
1,1.2,6434,31,1,2,6311,3,30,2.0,5.0,0.0,5.0,5.0,0.0,0.0,0.0,1.0,3.0,3.4,4.0,0.85
1,1.2,6434,32,2,2,6311,4,30,2.0,5.0,0.0,5.0,1.0,5.0,0.0,0.0,2.0,3.0,3.5,5.0,0.7
1,1.2,6436,50,1,2,6448,3,30,2.0,5.0,0.0,0.0,5.0,0.0,0.0,0.0,2.0,3.0,2.5,4.0,0.625
1,1.2,6485,43,2,2,4199,3,33,2.0,5.0,0.0,0.0,5.0,0.0,0.0,5.0,4.0,3.0,4.3,5.0,0.86
1,1.2,6539,30,1,2,5039,3,30,2.0,5.0,0.0,5.0,5.0,0.0,0.0,0.0,1.0,3.0,3.2,4.0,0.8
1,1.2,6541,32,2,2,4287,2,30,2.0,5.0,0.0,0.0,5.0,0.0,0.0,0.0,1.0,3.0,4.0,5.0,0.8
1,1.2,6541,33,1,2,5269,4,30,2.0,1.0,2.0,0.0,5.0,0.0,0.0,0.0,1.0,3.0,3.0,4.0,0.75
1,1.2,6546,38,1,2,5188,4,30,2.0,1.0,2.0,0.0,1.0,1.0,0.0,0.0,2.0,3.0,3.4,4.0,0.85
1,1.2,6571,39,1,2,1754,3,30,2.0,5.0,0.0,0.0,5.0,0.0,0.0,0.0,2.0,3.0,2.5,4.0,0.625
1,1.2,6571,40,2,2,1754,4,30,2.0,5.0,0.0,0.0,5.0,0.0,0.0,0.0,2.0,3.0,2.5,4.0,0.625
1,1.2,6571,41,2,2,931,5,30,2.0,5.0,0.0,5.0,5.0,0.0,0.0,5.0,2.0,3.0,3.7,4.0,0.925
1,1.2,6583,53,1,2,3949,2,30,2.0,5.0,0.0,0.0,5.0,0.0,0.0,5.0,0.0,3.0,3.5,4.0,0.875
1,1.1,6583,54,1,2,8013,4,30,,,,,,,,,,3.0,3.0,4.5,0.6666666666666666
1,1.2,6583,63,2,2,3949,3,30,2.0,5.0,0.0,0.0,5.0,0.0,0.0,5.0,0.0,3.0,3.5,3.7,0.9459459459459459
1,1.2,6583,66,1,2,3949,4,30,2.0,5.0,0.0,0.0,5.0,0.0,0.0,5.0,0.0,3.0,3.5,4.0,0.875
1,1.2,6589,184,1,3,7585,3,33,2.0,5.0,0.0,0.0,5.0,0.0,0.0,0.0,2.0,3.0,3.1,4.0,0.775
1,1.2,6591,40,1,2,5747,3,33,2.0,5.0,0.0,0.0,1.0,5.0,0.0,0.0,4.0,3.0,2.5,4.0,0.625
1,1.2,6615,38,1,2,8984,3,30,2.0,5.0,0.0,5.0,5.0,0.0,5.0,5.0,1.0,3.0,3.5,4.5,0.7777777777777778
1,1.2,6616,38,2,2,7838,3,30,2.0,5.0,0.0,0.0,5.0,0.0,0.0,0.0,2.0,3.0,3.8,4.0,0.95
1,1.2,6635,56,2,2,3096,3,30,2.0,5.0,0.0,0.0,1.0,1.0,0.0,0.0,2.0,3.0,2.7,3.9,0.6923076923076924
1,1.2,6646,41,1,2,8939,3,30,2.0,5.0,0.0,0.0,5.0,0.0,0.0,0.0,2.0,3.0,2.1,3.0,0.7000000000000001
1,1.2,6646,42,1,2,7192,3,60,2.0,5.0,0.0,0.0,5.0,0.0,0.0,0.0,2.0,3.0,2.5,4.6,0.5434782608695653
1,1.2,6724,42,2,2,6960,2,30,2.0,1.0,3.0,0.0,5.0,0.0,5.0,5.0,1.0,3.0,3.5,4.0,0.875
1,1.2,6735,47,2,2,278,2,30,2.0,5.0,0.0,0.0,5.0,0.0,0.0,5.0,5.0,3.0,2.3,3.0,0.7666666666666666
1,1.2,6765,38,1,2,5571,4,30,2.0,5.0,0.0,0.0,1.0,1.0,5.0,0.0,1.0,3.0,3.8,4.0,0.95
1,1.2,6779,49,1,2,3170,7,30,2.0,5.0,0.0,0.0,5.0,0.0,0.0,0.0,5.0,3.0,2.45,4.0,0.6125
1,1.2,6789,33,2,2,6829,3,30,2.0,5.0,0.0,5.0,5.0,0.0,0.0,0.0,1.0,3.0,3.5,4.5,0.7777777777777778
1,1.2,6832,47,2,2,4988,4,60,2.0,1.0,4.0,0.0,5.0,0.0,0.0,5.0,5.0,3.0,2.5,4.0,0.625
1,1.2,6839,187,2,3,8725,3,30,2.0,1.0,1.0,0.0,1.0,5.0,0.0,0.0,1.0,3.0,4.1,4.0,1.025
1,1.2,6845,185,2,3,5950,5,60,2.0,1.0,1.0,5.0,1.0,5.0,0.0,0.0,1.0,3.0,4.0,4.0,1.0
