KIDS,KID19,ER30001,ER30002,ER32000,ER32006,ER34701,ER34702,ER34703,P19REL,P19E5,P19E6,P19E10_09,P19E15,P19E16_3,P19E26_5,P19E33_6,P19E53A,C19REL,C19B12,C19B13,GPA_normalized
1,1.2,7,52,2,2,4093,3,30,1.0,5.0,0.0,0.0,5.0,0.0,0.0,0.0,1.0,2.0,3.4,4.0,0.85
1,1.2,16,37,2,2,4578,3,30,1.0,1.0,1.0,0.0,1.0,5.0,0.0,5.0,3.0,2.0,3.7,4.0,0.925
1,1.2,23,33,1,2,6758,4,30,1.0,5.0,0.0,0.0,5.0,0.0,0.0,5.0,1.0,2.0,3.9,4.0,0.975
1,1.2,40,44,2,2,6018,3,30,1.0,5.0,0.0,0.0,1.0,5.0,5.0,0.0,1.0,2.0,3.8,4.0,0.95
1,1.2,41,36,2,2,8092,2,30,1.0,5.0,0.0,0.0,5.0,0.0,5.0,0.0,2.0,2.0,3.8,4.0,0.95
1,1.2,41,38,2,2,4543,4,35,1.0,1.0,6.0,0.0,1.0,5.0,5.0,0.0,1.0,2.0,4.2,5.0,0.8400000000000001
1,1.2,53,44,2,2,7899,4,30,1.0,1.0,2.0,0.0,5.0,0.0,0.0,0.0,1.0,2.0,3.4,4.0,0.85
1,1.2,53,48,1,2,5717,3,30,1.0,1.0,3.0,0.0,5.0,0.0,0.0,0.0,1.0,2.0,3.5,4.0,0.875
1,1.2,60,41,1,2,6093,3,30,1.0,5.0,0.0,0.0,1.0,1.0,5.0,5.0,1.0,2.0,3.44,4.0,0.86
1,1.2,114,36,2,2,9075,3,30,1.0,5.0,0.0,0.0,5.0,0.0,5.0,0.0,1.0,2.0,3.5,4.0,0.875
1,1.2,151,40,2,2,6472,3,30,1.0,5.0,0.0,0.0,5.0,0.0,0.0,0.0,1.0,2.0,4.1,5.0,0.82
1,1.2,172,42,1,2,8802,2,60,1.0,5.0,0.0,0.0,5.0,0.0,5.0,5.0,1.0,2.0,1.89,4.0,0.4725
1,1.2,200,39,2,2,1386,3,30,1.0,1.0,1.0,0.0,5.0,0.0,0.0,0.0,4.0,2.0,3.0,4.0,0.75
1,1.2,214,32,2,2,2119,4,30,1.0,1.0,1.0,0.0,5.0,0.0,5.0,0.0,1.0,2.0,3.89,5.0,0.778
1,1.2,236,35,2,2,519,3,30,1.0,5.0,0.0,0.0,5.0,0.0,0.0,0.0,1.0,2.0,3.6,4.0,0.9
1,1.2,236,36,1,2,1161,3,30,1.0,1.0,2.0,0.0,5.0,0.0,0.0,0.0,1.0,2.0,4.0,4.5,0.8888888888888888
1,1.2,236,37,1,2,1161,4,30,1.0,1.0,2.0,0.0,5.0,0.0,5.0,0.0,1.0,2.0,3.75,4.2,0.8928571428571428
1,1.2,242,32,2,2,915,2,30,1.0,5.0,0.0,0.0,5.0,0.0,0.0,0.0,2.0,2.0,3.6,4.0,0.9
1,1.2,245,36,1,2,9003,3,30,1.0,1.0,1.0,0.0,5.0,0.0,0.0,0.0,1.0,2.0,2.5,4.0,0.625
1,1.2,250,35,2,2,1966,4,30,1.0,5.0,0.0,0.0,5.0,0.0,0.0,0.0,1.0,2.0,4.46,5.0,0.892
1,1.2,263,42,1,2,805,4,30,1.0,1.0,1.0,0.0,1.0,1.0,5.0,0.0,1.0,2.0,2.8,3.4,0.8235294117647058
1,1.2,297,64,1,2,8006,2,30,1.0,1.0,5.0,0.0,5.0,0.0,0.0,0.0,1.0,2.0,2.7,4.0,0.675
1,1.2,297,65,1,2,7679,4,30,1.0,5.0,0.0,0.0,5.0,0.0,0.0,0.0,2.0,2.0,3.85,4.5,0.8555555555555556
1,1.2,297,195,2,3,7679,3,30,1.0,5.0,0.0,0.0,5.0,0.0,0.0,0.0,1.0,2.0,3.5,4.0,0.875
1,1.2,311,34,1,2,9447,2,30,1.0,1.0,2.0,0.0,5.0,0.0,0.0,0.0,1.0,2.0,3.5,4.0,0.875
1,1.2,317,36,1,2,5897,3,30,1.0,1.0,1.0,0.0,5.0,0.0,5.0,5.0,1.0,2.0,3.12,4.0,0.78
1,1.2,317,37,2,2,7060,3,30,1.0,1.0,5.0,0.0,1.0,1.0,0.0,0.0,1.0,2.0,3.8,4.0,0.95
1,1.2,321,181,1,3,1895,3,30,1.0,1.0,3.0,0.0,5.0,0.0,0.0,0.0,1.0,2.0,3.9,5.0,0.78
1,1.2,368,33,1,2,7332,3,30,1.0,1.0,3.0,0.0,5.0,0.0,1.0,0.0,2.0,2.0,4.25,5.0,0.85
1,1.2,368,34,2,2,8368,3,30,1.0,1.0,1.0,0.0,5.0,0.0,0.0,0.0,2.0,2.0,4.0,4.5,0.8888888888888888
1,1.2,377,33,1,2,1924,3,30,1.0,1.0,1.0,5.0,5.0,0.0,0.0,0.0,1.0,2.0,3.8,5.0,0.76
1,1.2,409,38,2,2,7211,2,30,1.0,1.0,3.0,0.0,5.0,0.0,0.0,5.0,1.0,2.0,5.4,6.0,0.9
1,1.2,452,42,2,2,3579,3,30,1.0,1.0,6.0,0.0,1.0,1.0,0.0,5.0,2.0,2.0,3.9,4.0,0.975
1,1.2,461,32,2,2,6600,3,30,1.0,5.0,0.0,0.0,5.0,0.0,5.0,5.0,1.0,2.0,3.75,4.0,0.9375
1,1.2,473,42,2,2,6697,3,30,1.0,1.0,5.0,5.0,5.0,0.0,5.0,0.0,1.0,2.0,1.5,4.0,0.375
1,1.2,478,45,1,2,7533,3,30,1.0,1.0,3.0,0.0,5.0,0.0,5.0,0.0,2.0,2.0,3.96,4.0,0.99
1,1.2,490,35,2,2,5089,5,30,1.0,1.0,1.0,0.0,5.0,0.0,0.0,0.0,1.0,2.0,3.9,4.5,0.8666666666666667
1,1.2,514,34,1,2,9082,3,30,1.0,5.0,0.0,0.0,5.0,0.0,0.0,0.0,2.0,2.0,2.4,4.0,0.6
1,1.2,534,34,1,2,2884,5,30,1.0,5.0,0.0,0.0,5.0,0.0,5.0,0.0,1.0,2.0,3.8,4.3,0.8837209302325582
1,1.2,541,33,2,2,1223,2,30,1.0,1.0,1.0,0.0,5.0,0.0,0.0,0.0,1.0,2.0,3.85,4.75,0.8105263157894737
1,1.2,563,52,2,2,3255,3,33,1.0,5.0,0.0,5.0,5.0,0.0,0.0,0.0,1.0,2.0,2.8,4.0,0.7
1,1.2,565,35,2,2,3971,3,30,1.0,5.0,0.0,0.0,5.0,0.0,0.0,0.0,1.0,2.0,3.6,4.0,0.9
1,1.2,595,32,1,2,217,2,30,1.0,5.0,0.0,0.0,5.0,0.0,0.0,0.0,5.0,2.0,3.8,5.0,0.76
1,1.2,641,33,1,2,437,3,30,1.0,5.0,0.0,0.0,5.0,0.0,5.0,5.0,1.0,2.0,4.0,4.0,1.0
1,1.2,641,34,2,2,437,4,30,1.0,5.0,0.0,5.0,5.0,0.0,5.0,5.0,1.0,2.0,4.0,4.0,1.0
1,1.1,677,38,1,2,1718,3,30,,,,,,,,,,2.0,3.34,4.0,0.835
1,1.1,677,40,2,2,1718,4,30,,,,,,,,,,2.0,3.8,4.0,0.95
1,1.2,749,39,2,2,483,5,30,1.0,1.0,2.0,0.0,5.0,0.0,0.0,0.0,1.0,2.0,4.1,4.5,0.911111111111111
1,1.2,751,42,2,2,4033,2,30,1.0,5.0,0.0,0.0,5.0,0.0,0.0,0.0,2.0,2.0,2.0,4.0,0.5
1,1.2,751,43,1,2,3983,5,30,1.0,1.0,5.0,0.0,1.0,1.0,0.0,0.0,2.0,2.0,4.0,4.0,1.0
1,1.2,751,44,1,2,4222,2,30,1.0,5.0,0.0,0.0,5.0,0.0,5.0,0.0,1.0,2.0,2.67,5.0,0.534
1,1.2,775,32,2,2,8466,3,30,1.0,1.0,1.0,0.0,5.0,0.0,0.0,0.0,1.0,2.0,3.1,4.0,0.775
1,1.2,783,35,2,2,1473,3,30,1.0,1.0,2.0,5.0,5.0,0.0,5.0,0.0,1.0,2.0,3.5,4.0,0.875
1,1.2,783,36,2,2,1399,3,30,1.0,5.0,0.0,5.0,5.0,0.0,5.0,5.0,1.0,2.0,3.3,4.0,0.825
1,1.2,838,32,2,2,1052,3,30,1.0,1.0,1.0,5.0,5.0,0.0,5.0,5.0,1.0,2.0,3.8,4.0,0.95
1,1.2,840,50,1,2,8258,3,30,1.0,5.0,0.0,5.0,5.0,0.0,0.0,0.0,2.0,2.0,2.0,2.0,1.0
1,1.2,845,32,1,2,1637,3,60,1.0,1.0,3.0,0.0,5.0,0.0,0.0,0.0,2.0,2.0,3.1,4.0,0.775
1,1.2,846,193,1,3,6947,3,30,1.0,1.0,1.0,5.0,5.0,0.0,0.0,0.0,1.0,2.0,3.2,4.0,0.8
1,1.2,860,30,1,2,2553,3,30,1.0,1.0,6.0,0.0,5.0,0.0,0.0,5.0,1.0,2.0,4.0,4.1,0.9756097560975611
1,1.2,878,32,1,2,2495,3,30,1.0,1.0,1.0,0.0,5.0,0.0,5.0,0.0,1.0,2.0,3.5,4.2,0.8333333333333333
1,1.2,894,35,1,2,1744,4,30,1.0,5.0,0.0,0.0,5.0,0.0,0.0,0.0,1.0,2.0,3.2,4.0,0.8
1,1.2,894,36,1,2,2241,3,30,1.0,5.0,0.0,0.0,5.0,0.0,5.0,5.0,2.0,2.0,4.0,5.0,0.8
1,1.2,897,36,1,2,56,3,30,1.0,5.0,0.0,0.0,5.0,0.0,0.0,0.0,2.0,2.0,2.5,4.0,0.625
1,1.2,939,36,2,2,2853,3,30,1.0,1.0,1.0,0.0,5.0,0.0,5.0,0.0,1.0,2.0,4.93,5.0,0.986
1,1.2,939,37,2,2,2853,4,30,1.0,1.0,5.0,0.0,5.0,0.0,5.0,0.0,1.0,2.0,3.4,4.0,0.85
1,1.2,951,33,2,2,249,3,30,1.0,5.0,0.0,0.0,5.0,0.0,0.0,0.0,1.0,2.0,3.7,4.0,0.925
1,1.2,1033,32,2,2,9032,2,30,1.0,5.0,0.0,5.0,5.0,0.0,5.0,0.0,2.0,2.0,3.5,4.0,0.875
1,1.2,1036,34,1,2,2618,4,30,1.0,5.0,0.0,0.0,5.0,0.0,0.0,0.0,1.0,2.0,3.7,4.0,0.925
1,1.2,1036,35,2,2,2618,5,30,1.0,5.0,0.0,5.0,5.0,0.0,0.0,5.0,1.0,2.0,3.2,4.0,0.8
1,1.2,1043,39,1,2,1772,3,33,1.0,1.0,6.0,0.0,1.0,1.0,5.0,5.0,5.0,2.0,3.2,4.0,0.8
1,1.2,1048,44,2,2,6995,3,33,1.0,1.0,2.0,0.0,5.0,0.0,0.0,5.0,2.0,2.0,3.65,4.0,0.9125
1,1.2,1048,48,1,2,6582,3,30,1.0,1.0,1.0,0.0,5.0,0.0,0.0,0.0,5.0,2.0,2.5,4.0,0.625
1,1.2,1051,49,2,2,6574,3,30,1.0,1.0,1.0,0.0,5.0,0.0,0.0,0.0,1.0,2.0,4.0,4.5,0.8888888888888888
1,1.2,1060,34,2,2,2636,4,33,1.0,1.0,3.0,0.0,1.0,1.0,1.0,0.0,1.0,2.0,3.4,4.0,0.85
1,1.2,1070,32,1,2,463,2,30,1.0,1.0,1.0,0.0,5.0,0.0,0.0,0.0,2.0,2.0,3.0,5.0,0.6
1,1.2,1072,33,1,2,6012,3,30,1.0,1.0,1.0,0.0,5.0,0.0,0.0,0.0,3.0,2.0,3.75,4.0,0.9375
1,1.2,1080,31,2,2,1185,3,30,1.0,1.0,3.0,0.0,1.0,1.0,0.0,0.0,1.0,2.0,3.7,4.0,0.925
1,1.2,1088,42,2,2,7187,4,30,1.0,5.0,0.0,0.0,5.0,0.0,0.0,0.0,1.0,2.0,3.8,4.2,0.9047619047619047
1,1.2,1089,33,2,2,3309,4,30,1.0,5.0,0.0,0.0,5.0,0.0,0.0,0.0,1.0,2.0,3.0,4.0,0.75
1,1.2,1097,32,2,2,140,3,30,1.0,5.0,0.0,0.0,5.0,0.0,0.0,5.0,1.0,2.0,3.4,4.0,0.85
1,1.2,1127,33,2,2,3553,2,30,1.0,5.0,0.0,0.0,5.0,0.0,5.0,5.0,1.0,2.0,4.0,4.0,1.0
1,1.2,1127,34,1,2,3553,3,30,1.0,5.0,0.0,5.0,1.0,5.0,0.0,0.0,1.0,2.0,3.0,4.0,0.75
1,1.2,1152,40,2,2,1528,3,30,1.0,1.0,1.0,0.0,1.0,5.0,5.0,1.0,2.0,2.0,3.4,4.0,0.85
1,1.2,1152,41,1,2,1389,3,30,1.0,1.0,4.0,0.0,5.0,0.0,5.0,5.0,1.0,2.0,3.35,4.0,0.8375
1,1.2,1152,42,2,2,1409,3,30,1.0,1.0,2.0,0.0,5.0,0.0,1.0,0.0,1.0,2.0,4.35,5.0,0.8699999999999999
1,1.2,1152,43,1,2,1636,3,30,1.0,1.0,3.0,0.0,1.0,1.0,5.0,0.0,2.0,2.0,3.0,5.0,0.6
1,1.2,1163,49,1,2,5718,4,30,1.0,5.0,0.0,0.0,5.0,0.0,5.0,0.0,2.0,2.0,4.0,4.0,1.0
1,1.2,1163,50,2,2,5526,4,30,1.0,1.0,1.0,0.0,5.0,0.0,5.0,0.0,2.0,2.0,4.25,5.0,0.85
1,1.2,1166,39,2,2,4481,4,60,1.0,5.0,0.0,0.0,5.0,0.0,0.0,0.0,1.0,2.0,3.7,4.0,0.925
1,1.2,1168,47,1,2,5216,5,30,1.0,5.0,0.0,0.0,5.0,0.0,0.0,0.0,2.0,2.0,3.5,4.0,0.875
1,1.2,1168,49,2,2,5336,2,30,1.0,5.0,0.0,0.0,5.0,0.0,0.0,0.0,1.0,2.0,2.3,4.0,0.575
1,1.2,1200,35,1,2,8210,3,30,1.0,5.0,0.0,5.0,5.0,0.0,0.0,0.0,1.0,2.0,3.87,4.0,0.9675
1,1.2,1222,38,2,2,3592,3,30,1.0,1.0,2.0,0.0,5.0,0.0,5.0,0.0,3.0,2.0,4.0,4.0,1.0
1,1.2,1222,39,2,2,3592,4,30,1.0,1.0,2.0,0.0,5.0,0.0,0.0,0.0,1.0,2.0,4.0,4.0,1.0
1,1.2,1222,40,2,2,3592,5,30,1.0,1.0,3.0,0.0,5.0,0.0,0.0,0.0,1.0,2.0,3.9,4.0,0.975
1,1.2,1236,34,2,2,709,4,30,1.0,5.0,0.0,0.0,5.0,0.0,0.0,0.0,1.0,2.0,3.98,4.0,0.995
1,1.2,1255,33,2,2,617,3,30,1.0,5.0,0.0,0.0,1.0,5.0,0.0,0.0,2.0,2.0,4.0,4.5,0.8888888888888888
1,1.2,1269,37,2,2,4998,5,30,1.0,5.0,0.0,0.0,1.0,5.0,5.0,0.0,1.0,2.0,4.0,5.0,0.8
1,1.2,1284,36,2,2,9359,3,30,1.0,5.0,0.0,0.0,1.0,5.0,5.0,0.0,1.0,2.0,4.1,4.3,0.9534883720930232
1,1.2,1288,32,1,2,644,3,30,1.0,1.0,1.0,5.0,5.0,0.0,5.0,0.0,1.0,2.0,3.0,4.2,0.7142857142857143
1,1.2,1301,32,2,2,320,3,60,1.0,5.0,0.0,5.0,5.0,0.0,0.0,0.0,1.0,2.0,3.0,3.0,1.0
1,1.2,1314,32,1,2,1257,3,30,1.0,5.0,0.0,5.0,5.0,0.0,0.0,0.0,1.0,2.0,2.6,4.0,0.65
1,1.2,1314,33,2,2,340,3,30,1.0,1.0,2.0,0.0,5.0,0.0,5.0,5.0,1.0,2.0,3.7,4.0,0.925
1,1.2,1314,34,2,2,1257,4,30,1.0,1.0,5.0,0.0,1.0,1.0,1.0,0.0,1.0,2.0,3.0,4.0,0.75
1,1.2,1335,63,1,2,9034,3,30,1.0,1.0,5.0,0.0,1.0,1.0,1.0,0.0,1.0,2.0,2.8,4.0,0.7
1,1.2,1335,65,2,2,4520,3,30,1.0,1.0,5.0,0.0,5.0,0.0,0.0,0.0,1.0,2.0,2.4,4.0,0.6
1,1.2,1335,68,1,2,6882,2,30,1.0,1.0,1.0,0.0,5.0,0.0,5.0,5.0,1.0,2.0,3.1,4.0,0.775
1,1.2,1335,69,1,2,6896,3,30,1.0,1.0,4.0,5.0,1.0,1.0,0.0,0.0,1.0,2.0,2.65,4.0,0.6625
1,1.2,1342,33,2,2,263,3,30,1.0,5.0,0.0,0.0,5.0,0.0,0.0,0.0,1.0,2.0,2.3,4.0,0.575
1,1.2,1345,38,1,2,2059,4,30,1.0,1.0,5.0,0.0,5.0,0.0,5.0,0.0,1.0,2.0,3.98,4.0,0.995
1,1.2,1353,39,1,2,9474,3,30,1.0,1.0,5.0,0.0,5.0,0.0,5.0,5.0,2.0,2.0,2.8,4.0,0.7
1,1.2,1394,41,2,2,4532,5,30,1.0,1.0,3.0,0.0,5.0,0.0,0.0,0.0,1.0,2.0,3.1,4.0,0.775
1,1.2,1406,36,1,2,9220,3,30,1.0,5.0,0.0,0.0,5.0,0.0,0.0,5.0,1.0,2.0,3.2,4.0,0.8
1,1.2,1438,40,2,2,8494,2,30,1.0,5.0,0.0,0.0,5.0,0.0,0.0,0.0,1.0,2.0,3.2,4.0,0.8
1,1.2,1473,33,2,2,8634,3,30,1.0,5.0,0.0,0.0,5.0,0.0,5.0,0.0,1.0,2.0,4.2,5.0,0.8400000000000001
1,1.2,1480,36,1,2,1877,4,33,1.0,1.0,5.0,0.0,5.0,0.0,0.0,0.0,1.0,2.0,4.2,5.0,0.8400000000000001
1,1.2,1485,37,1,2,1868,2,30,1.0,5.0,0.0,0.0,5.0,0.0,0.0,0.0,1.0,2.0,2.67,4.0,0.6675
1,1.2,1485,180,2,3,2413,3,33,1.0,1.0,4.0,0.0,5.0,0.0,0.0,0.0,2.0,2.0,3.0,4.3,0.6976744186046512
1,1.2,1496,33,2,2,219,3,30,1.0,1.0,3.0,0.0,5.0,0.0,5.0,5.0,1.0,2.0,4.3,5.0,0.86
1,1.2,1496,35,2,2,219,4,30,1.0,1.0,2.0,0.0,5.0,0.0,5.0,5.0,1.0,2.0,4.0,5.0,0.8
1,1.2,1498,42,2,2,7740,3,30,1.0,5.0,0.0,0.0,5.0,0.0,0.0,0.0,1.0,2.0,3.4,4.0,0.85
1,1.2,1501,33,1,2,2686,4,30,1.0,5.0,0.0,5.0,5.0,0.0,0.0,0.0,1.0,2.0,2.35,4.0,0.5875
1,1.2,1533,37,1,2,3009,6,30,1.0,1.0,3.0,5.0,1.0,5.0,5.0,0.0,4.0,2.0,0.1,0.1,1.0
1,1.2,1565,40,1,2,3895,3,30,1.0,5.0,0.0,0.0,5.0,0.0,0.0,0.0,1.0,2.0,3.0,6.0,0.5
1,1.2,1570,184,2,3,183,3,30,1.0,5.0,0.0,0.0,1.0,5.0,0.0,0.0,1.0,2.0,2.8,4.0,0.7
1,1.2,1571,43,1,2,4980,2,30,1.0,5.0,0.0,5.0,5.0,0.0,0.0,0.0,2.0,2.0,2.0,4.0,0.5
1,1.2,1571,45,1,2,4980,3,30,1.0,5.0,0.0,0.0,5.0,0.0,0.0,0.0,4.0,2.0,2.8,4.0,0.7
1,1.2,1572,50,2,2,7347,2,30,1.0,5.0,0.0,0.0,5.0,0.0,0.0,0.0,1.0,2.0,3.8,4.0,0.95
1,1.2,1579,44,2,2,5931,3,30,1.0,1.0,6.0,5.0,1.0,1.0,1.0,1.0,1.0,2.0,4.0,4.0,1.0
1,1.2,1579,46,1,2,5931,4,30,1.0,1.0,6.0,0.0,1.0,1.0,5.0,0.0,1.0,2.0,4.0,4.0,1.0
1,1.2,1583,33,2,2,7174,4,35,1.0,5.0,0.0,5.0,5.0,0.0,5.0,0.0,1.0,2.0,3.8,4.0,0.95
1,1.2,1633,30,2,2,1991,3,30,1.0,1.0,1.0,0.0,5.0,0.0,0.0,0.0,5.0,2.0,3.76,4.0,0.94
1,1.2,1633,31,1,2,2297,2,30,1.0,1.0,2.0,0.0,5.0,0.0,0.0,0.0,1.0,2.0,3.0,4.0,0.75
1,1.2,1652,36,1,2,5645,3,30,1.0,1.0,4.0,0.0,1.0,5.0,0.0,0.0,1.0,2.0,3.3,4.0,0.825
1,1.2,1652,38,1,2,4989,4,30,1.0,5.0,0.0,0.0,5.0,0.0,0.0,0.0,2.0,2.0,3.35,4.0,0.8375
1,1.2,1682,36,2,2,3261,3,30,1.0,1.0,1.0,0.0,5.0,0.0,0.0,0.0,1.0,2.0,3.7,4.2,0.8809523809523809
1,1.2,1695,60,2,2,5132,3,33,1.0,1.0,1.0,0.0,5.0,0.0,1.0,0.0,1.0,2.0,3.75,4.0,0.9375
1,1.2,1695,61,2,2,8030,3,30,1.0,1.0,1.0,0.0,5.0,0.0,0.0,0.0,1.0,2.0,3.4,4.0,0.85
1,1.2,1695,62,1,2,8417,3,30,1.0,1.0,1.0,0.0,5.0,0.0,0.0,0.0,1.0,2.0,3.83,4.0,0.9575
1,1.2,1697,54,2,2,5758,3,30,1.0,5.0,0.0,5.0,5.0,0.0,0.0,0.0,1.0,2.0,1.0,4.0,0.25
1,1.2,1697,55,2,2,7795,4,30,1.0,5.0,0.0,0.0,5.0,0.0,5.0,0.0,1.0,2.0,3.13,4.0,0.7825
1,1.2,1726,34,2,2,1391,3,30,1.0,1.0,1.0,0.0,1.0,5.0,0.0,5.0,1.0,2.0,4.04,5.0,0.808
1,1.2,1726,35,2,2,1391,4,30,1.0,1.0,5.0,0.0,1.0,1.0,5.0,5.0,1.0,2.0,4.25,5.0,0.85
1,1.2,1739,32,2,2,6014,3,30,1.0,1.0,1.0,5.0,1.0,5.0,1.0,0.0,1.0,2.0,2.5,5.0,0.5
1,1.2,1739,33,1,2,6014,4,30,1.0,1.0,1.0,0.0,5.0,0.0,0.0,5.0,1.0,2.0,3.8,4.0,0.95
1,1.2,1751,31,2,2,165,3,30,1.0,1.0,1.0,0.0,5.0,0.0,5.0,0.0,2.0,2.0,3.5,4.0,0.875
1,1.2,1762,55,1,2,6792,2,30,1.0,1.0,1.0,5.0,5.0,0.0,0.0,0.0,1.0,2.0,1.1,4.0,0.275
1,1.2,1763,41,2,2,3691,2,30,1.0,5.0,0.0,0.0,5.0,0.0,5.0,0.0,1.0,2.0,3.45,4.0,0.8625
1,1.2,1774,33,2,2,4338,3,30,1.0,5.0,0.0,0.0,1.0,5.0,0.0,0.0,1.0,2.0,4.0,4.0,1.0
1,1.2,1774,34,1,2,3874,4,30,1.0,5.0,0.0,5.0,5.0,0.0,0.0,0.0,4.0,2.0,3.6,4.0,0.9
1,1.2,1786,51,2,2,8818,3,30,1.0,1.0,3.0,0.0,5.0,0.0,5.0,0.0,1.0,2.0,3.4,4.0,0.85
1,1.2,1821,32,2,2,497,3,30,1.0,1.0,5.0,0.0,1.0,1.0,5.0,0.0,1.0,2.0,3.0,4.0,0.75
1,1.2,1821,33,2,2,497,4,30,1.0,1.0,2.0,0.0,5.0,0.0,5.0,0.0,1.0,2.0,4.0,4.0,1.0
1,1.2,1823,35,2,2,917,2,30,1.0,1.0,5.0,0.0,1.0,1.0,0.0,1.0,1.0,2.0,3.6,4.0,0.9
1,1.2,1839,40,2,2,3982,3,30,1.0,1.0,1.0,0.0,5.0,0.0,0.0,0.0,1.0,2.0,4.6,4.8,0.9583333333333333
1,1.2,1839,41,1,2,3982,4,30,1.0,1.0,5.0,0.0,1.0,5.0,0.0,0.0,1.0,2.0,4.3,4.6,0.9347826086956522
1,1.2,1839,42,2,2,3982,5,30,1.0,1.0,2.0,0.0,5.0,0.0,5.0,0.0,1.0,2.0,4.0,4.0,1.0
1,1.2,1935,30,1,2,3633,3,30,1.0,5.0,0.0,5.0,5.0,0.0,0.0,0.0,1.0,2.0,2.4,4.0,0.6
1,1.2,1935,31,1,2,3633,4,30,1.0,5.0,0.0,5.0,5.0,0.0,0.0,0.0,1.0,2.0,2.5,4.0,0.625
1,1.2,1956,32,2,2,8718,3,30,1.0,5.0,0.0,0.0,5.0,0.0,0.0,0.0,1.0,2.0,2.9,5.0,0.58
1,1.2,1961,32,2,2,3127,3,30,1.0,1.0,1.0,0.0,5.0,0.0,0.0,0.0,1.0,2.0,3.6,4.0,0.9
1,1.2,1964,38,1,2,3452,4,30,1.0,1.0,3.0,0.0,5.0,0.0,0.0,5.0,1.0,2.0,3.1,5.0,0.62
1,1.2,1994,182,2,3,6838,3,30,1.0,5.0,0.0,0.0,5.0,0.0,5.0,0.0,4.0,2.0,2.8,4.0,0.7
1,1.2,1994,183,1,3,6838,4,30,1.0,5.0,0.0,0.0,5.0,0.0,5.0,0.0,2.0,2.0,2.9,4.0,0.725
1,1.2,2004,38,2,2,5489,3,30,1.0,1.0,5.0,0.0,5.0,0.0,5.0,0.0,1.0,2.0,3.2,4.0,0.8
1,1.2,2017,34,2,2,3318,3,30,1.0,1.0,5.0,0.0,1.0,1.0,0.0,0.0,1.0,2.0,2.75,4.0,0.6875
1,1.2,2017,36,2,2,3304,2,30,1.0,5.0,0.0,0.0,1.0,5.0,0.0,0.0,1.0,2.0,3.5,4.0,0.875
1,1.2,2017,37,1,2,3304,3,30,1.0,5.0,0.0,0.0,5.0,0.0,0.0,0.0,1.0,2.0,2.5,4.0,0.625
1,1.2,2032,46,2,2,5462,4,33,1.0,1.0,5.0,0.0,5.0,0.0,5.0,0.0,1.0,2.0,3.9,4.0,0.975
1,1.2,2051,38,1,2,1711,3,30,1.0,1.0,5.0,0.0,5.0,0.0,0.0,0.0,2.0,2.0,3.0,4.0,0.75
1,1.2,2056,37,2,2,2104,3,30,1.0,5.0,0.0,0.0,5.0,0.0,0.0,0.0,1.0,2.0,3.5,4.0,0.875
1,1.2,2056,40,2,2,1757,2,30,1.0,5.0,0.0,0.0,5.0,0.0,0.0,0.0,1.0,2.0,3.9,4.0,0.975
1,1.2,2059,35,2,2,4009,4,30,1.0,1.0,3.0,1.0,1.0,1.0,5.0,0.0,1.0,2.0,3.75,4.0,0.9375
1,1.2,2061,34,1,2,7870,3,30,1.0,5.0,0.0,0.0,5.0,0.0,0.0,0.0,1.0,2.0,4.7,5.0,0.9400000000000001
1,1.2,2062,41,1,2,3609,3,33,1.0,1.0,1.0,0.0,5.0,0.0,0.0,0.0,1.0,2.0,2.3,4.5,0.5111111111111111
1,1.2,2062,42,1,2,3825,4,33,1.0,1.0,5.0,0.0,5.0,0.0,0.0,0.0,2.0,2.0,3.6,4.3,0.8372093023255814
1,1.2,2073,36,2,2,7519,3,30,1.0,1.0,3.0,0.0,1.0,5.0,5.0,0.0,1.0,2.0,3.1,4.0,0.775
1,1.2,2124,33,1,2,370,3,30,1.0,1.0,2.0,0.0,5.0,0.0,0.0,0.0,2.0,2.0,3.8,4.0,0.95
1,1.2,2124,34,2,2,301,4,30,1.0,5.0,0.0,0.0,5.0,0.0,5.0,0.0,1.0,2.0,2.9,4.0,0.725
1,1.2,2133,36,2,2,2552,3,30,1.0,1.0,5.0,0.0,1.0,1.0,0.0,5.0,1.0,2.0,3.5,4.0,0.875
1,1.2,2133,37,1,2,2149,3,30,1.0,1.0,1.0,0.0,5.0,0.0,5.0,5.0,2.0,2.0,3.2,4.5,0.7111111111111111
1,1.2,2181,45,1,2,6685,2,30,1.0,5.0,0.0,0.0,5.0,0.0,0.0,0.0,1.0,2.0,3.2,4.0,0.8
1,1.2,2195,31,1,2,7205,3,30,1.0,1.0,3.0,0.0,5.0,0.0,0.0,5.0,1.0,2.0,3.6,4.0,0.9
1,1.2,2198,38,1,2,4549,3,33,1.0,5.0,0.0,0.0,5.0,0.0,0.0,0.0,1.0,2.0,3.5,4.0,0.875
1,1.2,2201,32,1,2,5261,4,30,1.0,5.0,0.0,0.0,5.0,0.0,0.0,0.0,1.0,2.0,3.4,4.0,0.85
1,1.2,2243,35,2,2,6010,4,30,1.0,1.0,2.0,0.0,5.0,0.0,0.0,0.0,1.0,2.0,4.1,4.4,0.9318181818181817
1,1.2,2248,38,1,2,5836,3,30,1.0,5.0,0.0,0.0,5.0,0.0,0.0,5.0,1.0,2.0,3.1,4.0,0.775
1,1.2,2250,47,1,2,6712,3,30,1.0,5.0,0.0,5.0,5.0,0.0,0.0,0.0,1.0,2.0,2.4,4.0,0.6
1,1.2,2256,35,1,2,5283,5,30,1.0,1.0,5.0,0.0,5.0,0.0,0.0,0.0,1.0,2.0,4.0,4.0,1.0
1,1.2,2261,36,1,2,1811,3,30,1.0,5.0,0.0,5.0,5.0,0.0,0.0,0.0,1.0,2.0,2.4,4.0,0.6
1,1.2,2263,31,2,2,2706,3,30,1.0,1.0,1.0,0.0,5.0,0.0,0.0,0.0,1.0,2.0,4.22,5.0,0.844
1,1.2,2278,46,2,2,5799,3,30,1.0,1.0,2.0,0.0,1.0,5.0,5.0,0.0,1.0,2.0,4.87,5.0,0.974
1,1.2,2292,42,2,2,3020,3,30,1.0,5.0,0.0,0.0,5.0,0.0,0.0,0.0,1.0,2.0,3.1,4.0,0.775
1,1.2,2300,34,1,2,535,2,30,1.0,1.0,2.0,0.0,5.0,0.0,0.0,5.0,1.0,2.0,3.4,4.6,0.7391304347826088
1,1.2,2302,56,1,2,7017,3,60,1.0,1.0,3.0,0.0,5.0,0.0,0.0,0.0,1.0,2.0,3.0,4.0,0.75
1,1.2,2302,60,1,2,4946,3,33,1.0,1.0,4.0,0.0,5.0,0.0,0.0,0.0,1.0,2.0,2.8,3.0,0.9333333333333332
1,1.2,2354,40,2,2,5944,3,33,1.0,1.0,5.0,0.0,1.0,1.0,5.0,0.0,1.0,2.0,3.8,4.0,0.95
1,1.2,2373,31,1,2,3330,3,30,1.0,5.0,0.0,5.0,5.0,0.0,0.0,0.0,1.0,2.0,3.0,4.1,0.7317073170731708
1,1.2,2432,64,2,2,5044,4,30,1.0,1.0,1.0,0.0,5.0,0.0,0.0,0.0,1.0,2.0,3.4,4.0,0.85
1,1.2,2432,225,2,3,6607,3,30,1.0,1.0,1.0,5.0,5.0,0.0,0.0,5.0,1.0,2.0,3.4,4.1,0.8292682926829269
1,1.2,2434,35,1,2,921,4,70,1.0,1.0,5.0,5.0,1.0,1.0,0.0,0.0,1.0,2.0,2.6,4.0,0.65
1,1.2,2441,200,2,3,5080,3,33,1.0,5.0,0.0,0.0,5.0,0.0,0.0,0.0,1.0,2.0,3.8,4.0,0.95
1,1.2,2500,33,1,2,1447,3,30,1.0,5.0,0.0,5.0,5.0,0.0,0.0,0.0,1.0,2.0,3.3,4.6,0.717391304347826
1,1.2,2515,49,1,2,8685,2,30,1.0,5.0,0.0,0.0,5.0,0.0,0.0,1.0,0.0,2.0,2.0,4.0,0.5
1,1.2,2518,34,1,2,2875,2,30,1.0,1.0,5.0,5.0,1.0,1.0,0.0,0.0,1.0,2.0,2.5,3.0,0.8333333333333334
1,1.2,2530,43,2,2,6903,3,30,1.0,5.0,0.0,0.0,5.0,0.0,0.0,0.0,1.0,2.0,3.6,4.0,0.9
1,1.2,2530,44,2,2,6477,2,30,1.0,1.0,1.0,0.0,5.0,0.0,0.0,0.0,1.0,2.0,3.67,4.0,0.9175
1,1.2,2590,46,2,2,5298,4,30,1.0,5.0,0.0,0.0,1.0,5.0,0.0,0.0,1.0,2.0,3.84,4.0,0.96
1,1.2,2590,49,2,2,5298,5,30,1.0,5.0,0.0,0.0,5.0,0.0,5.0,5.0,1.0,2.0,3.8,4.0,0.95
1,1.2,2593,35,2,2,4900,3,30,1.0,5.0,0.0,5.0,5.0,0.0,0.0,0.0,2.0,2.0,3.2,4.0,0.8
1,1.2,2611,43,2,2,5136,4,30,1.0,1.0,2.0,5.0,5.0,0.0,5.0,0.0,1.0,2.0,3.8,4.0,0.95
1,1.2,2611,44,1,2,7629,3,30,1.0,1.0,1.0,0.0,5.0,0.0,5.0,5.0,1.0,2.0,3.4,4.0,0.85
1,1.2,2611,45,2,2,7629,5,30,1.0,1.0,1.0,0.0,5.0,0.0,5.0,5.0,1.0,2.0,2.0,4.0,0.5
1,1.2,2611,183,2,3,7629,6,30,1.0,1.0,2.0,0.0,5.0,0.0,5.0,5.0,1.0,2.0,3.2,4.0,0.8
1,1.2,2611,187,2,3,4747,5,30,1.0,1.0,1.0,0.0,5.0,0.0,0.0,0.0,2.0,2.0,3.5,4.0,0.875
1,1.2,2614,38,1,2,6807,4,30,1.0,1.0,2.0,0.0,5.0,0.0,0.0,0.0,4.0,2.0,3.1,4.5,0.6888888888888889
1,1.2,2614,39,2,2,9471,3,30,1.0,1.0,1.0,0.0,5.0,0.0,5.0,5.0,1.0,2.0,3.9,4.0,0.975
1,1.2,2615,55,2,2,4194,3,30,1.0,5.0,0.0,0.0,5.0,0.0,0.0,0.0,2.0,2.0,2.7,4.0,0.675
1,1.2,2615,56,2,2,4194,4,30,1.0,5.0,0.0,0.0,5.0,0.0,0.0,0.0,2.0,2.0,3.8,4.0,0.95
1,1.2,2615,58,2,2,4080,3,30,1.0,1.0,2.0,0.0,5.0,0.0,5.0,5.0,1.0,2.0,3.8,4.0,0.95
1,1.2,2615,59,2,2,4134,4,30,1.0,1.0,1.0,0.0,5.0,0.0,0.0,0.0,1.0,2.0,3.5,4.0,0.875
1,1.2,2618,41,2,2,6572,3,30,1.0,1.0,2.0,0.0,5.0,0.0,0.0,5.0,1.0,2.0,3.7,4.0,0.925
1,1.2,2618,43,2,2,6572,4,30,1.0,1.0,4.0,0.0,5.0,0.0,5.0,1.0,1.0,2.0,4.0,4.0,1.0
1,1.2,2618,44,2,2,6572,5,30,1.0,1.0,4.0,0.0,5.0,0.0,0.0,5.0,1.0,2.0,4.0,4.0,1.0
1,1.2,2646,36,2,2,5208,3,30,1.0,1.0,2.0,0.0,5.0,0.0,1.0,0.0,1.0,2.0,4.44,5.0,0.8880000000000001
1,1.1,2646,38,1,2,5033,3,30,,,,,,,,,,2.0,4.0,4.0,1.0
1,1.2,2649,184,2,3,6417,3,30,1.0,5.0,0.0,0.0,5.0,0.0,0.0,0.0,1.0,2.0,3.2,4.0,0.8
1,1.2,2661,53,2,2,6138,3,30,1.0,5.0,0.0,0.0,5.0,0.0,5.0,5.0,1.0,2.0,4.0,4.0,1.0
1,1.2,2688,38,1,2,873,3,30,1.0,5.0,0.0,5.0,5.0,0.0,0.0,0.0,1.0,2.0,3.1,4.5,0.6888888888888889
1,1.2,2688,180,1,3,426,2,30,1.0,5.0,0.0,0.0,5.0,0.0,0.0,0.0,1.0,2.0,3.05,4.0,0.7625
1,1.2,2697,32,2,2,2180,3,30,1.0,1.0,6.0,0.0,1.0,1.0,0.0,0.0,1.0,2.0,3.76,4.0,0.94
1,1.2,2701,57,2,2,8108,2,30,1.0,5.0,0.0,0.0,5.0,0.0,0.0,0.0,1.0,2.0,4.1,5.0,0.82
1,1.2,2701,59,1,2,7261,3,30,1.0,5.0,0.0,0.0,5.0,0.0,0.0,0.0,1.0,2.0,3.8,4.0,0.95
1,1.2,2707,53,1,2,6797,3,30,1.0,5.0,0.0,0.0,5.0,0.0,0.0,0.0,4.0,2.0,3.5,4.0,0.875
1,1.2,2708,37,1,2,469,3,30,1.0,1.0,2.0,0.0,5.0,0.0,1.0,0.0,2.0,2.0,3.2,4.0,0.8
1,1.2,2753,36,2,2,7118,3,30,1.0,5.0,0.0,0.0,5.0,0.0,0.0,5.0,2.0,2.0,4.0,4.0,1.0
1,1.2,2753,37,2,2,5260,3,30,1.0,1.0,5.0,5.0,5.0,0.0,0.0,0.0,2.0,2.0,3.0,4.0,0.75
1,1.2,2770,32,1,2,2169,3,30,1.0,5.0,0.0,0.0,5.0,0.0,0.0,0.0,1.0,2.0,3.88,5.0,0.776
1,1.2,2776,33,2,2,5549,3,35,1.0,1.0,1.0,0.0,1.0,5.0,0.0,0.0,1.0,2.0,3.8,4.0,0.95
1,1.2,2786,35,1,2,1591,5,60,1.0,5.0,0.0,5.0,1.0,1.0,0.0,0.0,1.0,2.0,2.7,4.0,0.675
1,1.2,2801,36,2,2,7951,3,30,1.0,5.0,0.0,0.0,5.0,0.0,0.0,0.0,1.0,2.0,3.87,4.0,0.9675
1,1.2,2802,32,1,2,455,4,30,1.0,1.0,2.0,0.0,5.0,0.0,0.0,5.0,2.0,2.0,3.0,4.0,0.75
1,1.2,2805,32,2,2,9307,3,30,1.0,1.0,1.0,0.0,5.0,0.0,0.0,5.0,1.0,2.0,3.5,4.0,0.875
1,1.2,2827,33,2,2,6239,2,30,1.0,5.0,0.0,0.0,5.0,0.0,0.0,0.0,1.0,2.0,2.69,4.0,0.6725
1,1.2,2838,35,1,2,2741,4,30,1.0,1.0,6.0,0.0,1.0,1.0,1.0,0.0,1.0,2.0,2.5,4.0,0.625
1,1.2,2847,44,2,2,4894,3,30,1.0,5.0,0.0,0.0,5.0,0.0,5.0,0.0,1.0,2.0,3.5,4.0,0.875
1,1.2,2850,32,2,2,190,3,30,1.0,1.0,1.0,5.0,5.0,0.0,5.0,0.0,1.0,2.0,4.0,5.0,0.8
1,1.2,2852,62,1,2,6394,3,30,1.0,1.0,1.0,0.0,5.0,0.0,0.0,0.0,1.0,2.0,3.0,4.0,0.75
1,1.2,2852,63,2,2,7406,2,30,1.0,5.0,0.0,0.0,5.0,0.0,0.0,0.0,1.0,2.0,3.0,4.0,0.75
1,1.2,2876,171,1,3,1392,4,30,1.0,1.0,2.0,0.0,5.0,0.0,0.0,0.0,1.0,2.0,2.2,4.0,0.55
1,1.2,2881,177,2,3,1861,2,30,1.0,1.0,3.0,0.0,5.0,0.0,5.0,5.0,1.0,2.0,3.5,8.5,0.4117647058823529
1,1.2,2881,178,2,3,1861,3,30,1.0,5.0,0.0,0.0,5.0,0.0,0.0,5.0,0.0,2.0,2.3,4.0,0.575
1,1.2,2892,30,1,2,526,3,30,1.0,5.0,0.0,0.0,5.0,0.0,5.0,5.0,1.0,2.0,3.28,4.0,0.82
1,1.2,2897,40,2,2,2997,6,30,1.0,5.0,0.0,0.0,5.0,0.0,0.0,0.0,3.0,2.0,3.5,4.0,0.875
1,1.2,2907,45,1,2,7191,3,30,1.0,5.0,0.0,0.0,5.0,0.0,0.0,0.0,1.0,2.0,3.0,4.5,0.6666666666666666
1,1.2,2924,33,1,2,524,3,30,1.0,5.0,0.0,0.0,5.0,0.0,0.0,0.0,1.0,2.0,3.8,4.0,0.95
1,1.2,3028,170,2,3,1132,2,30,1.0,5.0,0.0,0.0,5.0,0.0,0.0,0.0,1.0,2.0,3.7,4.0,0.925
1,1.2,3095,32,1,2,2093,3,30,1.0,1.0,3.0,0.0,5.0,0.0,0.0,0.0,5.0,2.0,4.0,6.0,0.6666666666666666
1,1.2,3133,32,1,2,3360,5,30,1.0,5.0,0.0,0.0,5.0,0.0,0.0,0.0,5.0,2.0,2.9,4.5,0.6444444444444444
1,1.2,3137,32,1,2,7565,2,30,1.0,1.0,6.0,0.0,1.0,1.0,0.0,0.0,1.0,2.0,2.9,5.0,0.58
1,1.2,3137,33,1,2,7498,3,30,1.0,5.0,0.0,0.0,5.0,0.0,0.0,5.0,1.0,2.0,3.5,4.5,0.7777777777777778
1,1.2,3147,32,2,2,8337,3,35,1.0,1.0,5.0,0.0,5.0,0.0,0.0,0.0,1.0,2.0,2.8,4.0,0.7
1,1.2,3147,34,2,2,8801,5,30,1.0,1.0,2.0,0.0,5.0,0.0,0.0,0.0,3.0,2.0,2.8,4.0,0.7
1,1.2,3172,30,1,2,892,4,30,1.0,1.0,3.0,0.0,5.0,0.0,0.0,5.0,1.0,2.0,3.7,4.9,0.7551020408163265
1,1.2,3190,30,1,2,4322,3,30,1.0,5.0,0.0,0.0,5.0,0.0,0.0,0.0,1.0,2.0,2.6,4.0,0.65
1,1.2,3191,30,2,2,5464,2,30,1.0,5.0,0.0,0.0,5.0,0.0,0.0,0.0,1.0,2.0,3.3,4.0,0.825
1,1.2,3193,32,1,2,6939,3,33,1.0,1.0,4.0,0.0,5.0,0.0,0.0,5.0,4.0,2.0,3.8,4.5,0.8444444444444444
1,1.2,3193,33,1,2,5096,4,30,1.0,5.0,0.0,0.0,5.0,0.0,0.0,0.0,1.0,2.0,2.7,5.0,0.54
1,1.2,3199,30,2,2,2175,4,30,1.0,1.0,1.0,0.0,5.0,0.0,0.0,0.0,1.0,2.0,3.0,4.0,0.75
1,1.2,3207,31,1,2,460,2,30,1.0,5.0,0.0,0.0,5.0,0.0,0.0,5.0,1.0,2.0,2.0,4.0,0.5
1,1.2,3208,31,2,2,7319,3,30,1.0,5.0,0.0,0.0,5.0,0.0,0.0,0.0,2.0,2.0,2.7,4.0,0.675
1,1.2,3211,170,2,3,3625,5,30,1.0,1.0,6.0,0.0,1.0,1.0,0.0,0.0,2.0,2.0,3.0,4.0,0.75
1,1.2,3226,30,1,2,2684,3,30,1.0,1.0,5.0,0.0,5.0,0.0,5.0,0.0,1.0,2.0,3.88,4.0,0.97
1,1.2,3226,31,2,2,2684,4,30,1.0,1.0,5.0,0.0,5.0,0.0,0.0,0.0,1.0,2.0,3.9,4.0,0.975
1,1.2,3240,30,2,2,9272,3,30,1.0,5.0,0.0,0.0,5.0,0.0,0.0,0.0,2.0,2.0,2.3,4.0,0.575
1,1.2,3240,31,1,2,9272,4,30,1.0,5.0,0.0,0.0,5.0,0.0,0.0,0.0,1.0,2.0,2.7,3.7,0.7297297297297297
1,1.2,3242,31,1,2,600,3,30,1.0,1.0,5.0,0.0,1.0,1.0,0.0,0.0,1.0,2.0,3.2,4.0,0.8
1,1.2,3252,30,1,2,7413,2,30,1.0,5.0,0.0,0.0,5.0,0.0,0.0,0.0,2.0,2.0,2.5,4.0,0.625
1,1.1,3262,32,1,2,4493,6,60,,,,,,,,,,2.0,2.5,4.2,0.5952380952380952
1,1.2,3268,31,2,2,2016,3,30,1.0,5.0,0.0,0.0,5.0,0.0,0.0,0.0,1.0,2.0,3.5,4.0,0.875
1,1.2,3320,30,2,2,730,2,30,1.0,5.0,0.0,5.0,1.0,5.0,0.0,0.0,1.0,2.0,3.9,4.0,0.975
1,1.2,3323,30,2,2,2615,3,30,1.0,5.0,0.0,0.0,1.0,5.0,0.0,0.0,1.0,2.0,2.0,4.5,0.4444444444444444
1,1.2,3341,31,1,2,8611,3,30,1.0,5.0,0.0,0.0,5.0,0.0,0.0,0.0,2.0,2.0,3.8,4.0,0.95
1,1.2,3341,32,1,2,8611,4,30,1.0,5.0,0.0,0.0,5.0,0.0,0.0,0.0,2.0,2.0,3.5,4.0,0.875
1,1.2,3345,31,2,2,7873,5,30,1.0,5.0,0.0,0.0,5.0,0.0,0.0,0.0,0.0,2.0,3.6,4.0,0.9
1,1.2,3347,31,1,2,3296,2,30,1.0,1.0,1.0,5.0,5.0,0.0,0.0,0.0,2.0,2.0,0.5,10.0,0.05
1,1.2,3348,32,1,2,3952,3,33,1.0,5.0,0.0,5.0,5.0,0.0,0.0,5.0,2.0,2.0,3.1,4.0,0.775
1,1.2,3359,31,2,2,1638,3,30,1.0,5.0,0.0,0.0,1.0,5.0,0.0,0.0,1.0,2.0,3.7,5.0,0.74
1,1.2,3359,32,2,2,1638,4,30,1.0,5.0,0.0,0.0,5.0,0.0,0.0,0.0,1.0,2.0,3.5,4.0,0.875
1,1.2,3367,33,2,2,7408,6,30,1.0,1.0,2.0,0.0,5.0,0.0,5.0,5.0,4.0,2.0,3.5,4.0,0.875
1,1.2,3368,31,2,2,3725,3,30,1.0,1.0,1.0,0.0,5.0,0.0,0.0,0.0,1.0,2.0,3.14,4.0,0.785
1,1.2,3373,31,1,2,2211,5,30,1.0,5.0,0.0,0.0,5.0,0.0,0.0,0.0,1.0,2.0,3.3,4.5,0.7333333333333333
1,1.2,3377,32,2,2,1305,4,60,1.0,5.0,0.0,0.0,5.0,0.0,0.0,5.0,3.0,2.0,2.5,3.0,0.8333333333333334
1,1.2,3381,34,1,2,3213,2,30,1.0,1.0,6.0,0.0,1.0,1.0,0.0,0.0,2.0,2.0,3.0,4.0,0.75
1,1.2,3394,32,1,2,3342,3,30,1.0,5.0,0.0,0.0,5.0,0.0,0.0,0.0,1.0,2.0,3.3,5.0,0.6599999999999999
1,1.2,3402,32,2,2,2892,4,30,1.0,5.0,0.0,0.0,5.0,0.0,0.0,0.0,2.0,2.0,4.3,5.0,0.86
1,1.2,3404,30,2,2,1134,4,30,1.0,1.0,3.0,0.0,5.0,0.0,5.0,0.0,1.0,2.0,4.0,5.0,0.8
1,1.2,3435,30,1,2,2565,3,30,1.0,1.0,1.0,5.0,5.0,0.0,0.0,0.0,2.0,2.0,3.0,4.0,0.75
1,1.2,3439,31,1,2,1217,3,30,1.0,5.0,0.0,0.0,5.0,0.0,0.0,0.0,1.0,2.0,4.0,4.0,1.0
1,1.2,3439,32,1,2,1217,4,30,1.0,1.0,3.0,0.0,1.0,1.0,0.0,0.0,1.0,2.0,2.0,4.0,0.5
1,1.2,3451,30,1,2,1127,3,30,1.0,1.0,6.0,0.0,1.0,1.0,0.0,0.0,1.0,2.0,3.2,5.0,0.64
1,1.2,3459,31,1,2,3281,4,30,1.0,1.0,5.0,0.0,1.0,1.0,0.0,5.0,1.0,2.0,2.8,4.0,0.7
1,1.2,3473,173,1,3,4328,3,30,1.0,5.0,0.0,0.0,5.0,0.0,0.0,0.0,1.0,2.0,3.3,4.0,0.825
1,1.2,3474,30,2,2,2377,4,60,1.0,5.0,0.0,0.0,5.0,0.0,0.0,0.0,1.0,2.0,3.5,4.0,0.875
1,1.2,3480,30,2,2,3711,3,30,1.0,1.0,2.0,0.0,1.0,5.0,5.0,0.0,1.0,2.0,3.5,4.0,0.875
1,1.2,4009,3,1,1,327,3,30,1.0,1.0,2.0,0.0,5.0,0.0,0.0,0.0,2.0,2.0,3.9,5.0,0.78
1,1.2,4019,3,2,1,197,3,30,1.0,1.0,2.0,0.0,1.0,5.0,1.0,0.0,1.0,2.0,4.0,4.0,1.0
1,1.2,4052,3,1,1,2520,3,30,1.0,1.0,5.0,0.0,1.0,1.0,0.0,0.0,1.0,2.0,4.2,5.0,0.8400000000000001
1,1.2,4077,2,1,1,1289,2,30,1.0,5.0,0.0,0.0,1.0,1.0,0.0,0.0,1.0,2.0,3.4,4.0,0.85
1,1.2,4081,3,1,1,2529,3,30,1.0,5.0,0.0,0.0,5.0,0.0,0.0,0.0,2.0,2.0,3.8,4.0,0.95
1,1.2,4091,3,1,1,1198,3,30,1.0,1.0,4.0,0.0,5.0,0.0,0.0,0.0,1.0,2.0,4.0,4.0,1.0
1,1.2,4134,9,2,1,2598,3,30,1.0,1.0,5.0,0.0,5.0,0.0,0.0,5.0,3.0,2.0,3.97,4.0,0.9925
1,1.2,4137,4,2,1,1272,4,30,1.0,1.0,5.0,0.0,1.0,1.0,0.0,5.0,3.0,2.0,3.5,4.0,0.875
1,1.2,4172,4,1,1,2145,4,33,1.0,5.0,0.0,0.0,5.0,0.0,0.0,5.0,1.0,2.0,2.6,4.2,0.6190476190476191
1,1.2,4206,4,2,1,2746,3,30,1.0,5.0,0.0,0.0,5.0,0.0,0.0,0.0,4.0,2.0,3.24,4.9,0.6612244897959184
1,1.2,4207,3,1,1,3841,3,30,1.0,1.0,6.0,0.0,1.0,1.0,0.0,0.0,2.0,2.0,4.5,5.0,0.9
1,1.2,4261,3,1,1,3823,2,30,1.0,5.0,0.0,0.0,5.0,0.0,0.0,0.0,1.0,2.0,1.5,4.0,0.375
1,1.2,4265,5,1,1,2855,5,60,1.0,1.0,4.0,0.0,1.0,1.0,0.0,0.0,4.0,2.0,2.9,4.0,0.725
1,1.2,4308,3,2,1,2708,3,30,1.0,5.0,0.0,5.0,5.0,0.0,5.0,0.0,1.0,2.0,4.0,4.0,1.0
1,1.2,4315,3,1,1,2645,3,30,1.0,5.0,0.0,0.0,5.0,0.0,0.0,0.0,2.0,2.0,4.0,4.0,1.0
1,1.2,4322,3,1,1,2602,3,30,1.0,5.0,0.0,0.0,5.0,0.0,0.0,5.0,1.0,2.0,2.9,4.0,0.725
1,1.2,4328,4,2,1,2734,4,30,1.0,1.0,1.0,0.0,5.0,0.0,0.0,0.0,2.0,2.0,4.2,5.0,0.8400000000000001
1,1.2,4360,6,1,1,9183,6,30,1.0,5.0,0.0,0.0,1.0,5.0,0.0,0.0,1.0,2.0,2.1,4.0,0.525
1,1.2,4372,3,2,1,289,3,30,1.0,5.0,0.0,0.0,5.0,0.0,0.0,5.0,1.0,2.0,3.5,4.0,0.875
1,1.2,4759,3,2,1,4414,3,30,1.0,5.0,0.0,0.0,5.0,0.0,0.0,0.0,1.0,2.0,3.5,4.0,0.875
1,1.2,4776,4,2,1,9442,4,30,1.0,1.0,5.0,0.0,5.0,0.0,0.0,0.0,2.0,2.0,4.0,4.0,1.0
1,1.2,4839,5,2,1,2643,5,30,1.0,5.0,0.0,0.0,5.0,0.0,0.0,0.0,2.0,2.0,3.2,4.0,0.8
1,1.2,5015,45,2,2,5403,4,30,1.0,5.0,0.0,0.0,5.0,0.0,0.0,0.0,2.0,2.0,2.9,4.0,0.725
1,1.2,5017,182,1,3,7137,2,30,1.0,5.0,0.0,0.0,5.0,0.0,0.0,0.0,1.0,2.0,3.6,4.0,0.9
1,1.2,5018,37,2,2,1759,3,30,1.0,5.0,0.0,0.0,5.0,0.0,0.0,0.0,1.0,2.0,3.7,4.0,0.925
1,1.2,5037,35,1,2,6158,2,30,1.0,5.0,0.0,5.0,1.0,5.0,0.0,5.0,1.0,2.0,3.2,4.0,0.8
1,1.2,5037,192,1,3,6690,2,30,1.0,5.0,0.0,0.0,5.0,0.0,0.0,0.0,1.0,2.0,3.2,4.3,0.744186046511628
1,1.2,5045,185,1,3,2753,3,30,1.0,1.0,1.0,0.0,5.0,0.0,0.0,0.0,1.0,2.0,3.5,3.7,0.9459459459459459
1,1.2,5048,52,1,2,7973,2,30,1.0,5.0,0.0,0.0,5.0,0.0,0.0,0.0,1.0,2.0,1.0,4.0,0.25
1,1.2,5048,54,1,2,7973,3,30,1.0,5.0,0.0,0.0,5.0,0.0,0.0,0.0,1.0,2.0,2.0,4.0,0.5
1,1.2,5052,196,2,3,3426,3,30,1.0,5.0,0.0,0.0,5.0,0.0,0.0,0.0,5.0,2.0,3.0,4.0,0.75
1,1.2,5055,55,2,2,6596,3,30,1.0,5.0,0.0,0.0,5.0,0.0,0.0,0.0,1.0,2.0,2.5,4.0,0.625
1,1.2,5055,199,2,3,7968,4,60,1.0,5.0,0.0,0.0,5.0,0.0,0.0,0.0,0.0,2.0,3.2,4.0,0.8
1,1.2,5057,48,2,2,1781,2,30,1.0,5.0,0.0,5.0,5.0,0.0,0.0,0.0,1.0,2.0,2.6,4.0,0.65
1,1.2,5057,50,1,2,2019,3,35,1.0,5.0,0.0,0.0,5.0,0.0,5.0,5.0,5.0,2.0,3.0,3.8,0.7894736842105263
1,1.2,5057,204,1,3,1656,2,30,1.0,5.0,0.0,0.0,5.0,0.0,0.0,0.0,1.0,2.0,3.2,4.0,0.8
1,1.2,5066,46,2,2,7107,3,30,1.0,5.0,0.0,0.0,5.0,0.0,0.0,0.0,1.0,2.0,2.8,4.0,0.7
1,1.2,5069,40,2,2,4112,3,33,1.0,5.0,0.0,0.0,5.0,0.0,0.0,5.0,1.0,2.0,3.2,4.5,0.7111111111111111
1,1.2,5071,38,1,2,5156,3,30,1.0,5.0,0.0,5.0,5.0,0.0,0.0,0.0,1.0,2.0,1.75,4.4,0.3977272727272727
1,1.2,5136,47,2,2,2112,2,30,1.0,5.0,0.0,0.0,5.0,0.0,0.0,0.0,1.0,2.0,3.4,5.0,0.6799999999999999
1,1.2,5154,50,2,2,6960,3,30,1.0,5.0,0.0,0.0,5.0,0.0,0.0,0.0,1.0,2.0,1.5,4.0,0.375
1,1.2,5170,46,2,2,7270,3,30,1.0,5.0,0.0,0.0,1.0,5.0,0.0,0.0,1.0,2.0,3.5,4.0,0.875
1,1.2,5274,37,1,2,5124,3,30,1.0,5.0,0.0,0.0,5.0,0.0,0.0,0.0,1.0,2.0,3.0,4.0,0.75
1,1.2,5299,70,2,2,6415,2,30,1.0,5.0,0.0,0.0,5.0,0.0,0.0,0.0,2.0,2.0,3.9,4.0,0.975
1,1.2,5299,71,1,2,8113,3,35,1.0,5.0,0.0,0.0,5.0,0.0,0.0,0.0,1.0,2.0,3.7,5.0,0.74
1,1.2,5299,188,1,3,6554,2,30,1.0,5.0,0.0,0.0,1.0,5.0,0.0,0.0,2.0,2.0,4.0,5.0,0.8
1,1.2,5299,191,2,3,4547,3,30,1.0,5.0,0.0,0.0,5.0,0.0,0.0,5.0,3.0,2.0,4.5,4.9,0.9183673469387754
1,1.2,5332,45,1,2,5597,3,30,1.0,1.0,2.0,0.0,5.0,0.0,5.0,0.0,1.0,2.0,2.5,4.0,0.625
1,1.2,5364,48,2,2,7120,4,30,1.0,5.0,0.0,0.0,5.0,0.0,0.0,0.0,2.0,2.0,3.8,4.0,0.95
1,1.2,5375,31,2,2,4192,2,30,1.0,1.0,1.0,0.0,5.0,0.0,0.0,5.0,2.0,2.0,3.32,4.0,0.83
1,1.2,5393,40,1,2,6338,2,30,1.0,1.0,4.0,0.0,1.0,1.0,0.0,0.0,1.0,2.0,4.2,4.3,0.9767441860465117
1,1.2,5430,71,1,2,8945,4,30,1.0,5.0,0.0,0.0,5.0,0.0,0.0,0.0,1.0,2.0,3.5,5.0,0.7
1,1.2,5458,40,2,2,2225,2,30,1.0,5.0,0.0,0.0,5.0,0.0,5.0,5.0,1.0,2.0,3.3,4.0,0.825
1,1.2,5459,35,1,2,1407,4,30,1.0,1.0,5.0,0.0,1.0,1.0,5.0,0.0,1.0,2.0,2.5,4.0,0.625
1,1.2,5462,39,1,2,3173,3,30,1.0,5.0,0.0,0.0,5.0,0.0,0.0,0.0,1.0,2.0,2.9,4.0,0.725
1,1.2,5493,44,2,2,2340,4,33,1.0,5.0,0.0,0.0,5.0,0.0,0.0,0.0,2.0,2.0,2.0,4.0,0.5
1,1.2,5493,45,2,2,2340,5,33,1.0,5.0,0.0,0.0,5.0,0.0,0.0,0.0,1.0,2.0,2.9,4.0,0.725
1,1.2,5513,38,2,2,2301,2,30,1.0,5.0,0.0,0.0,5.0,0.0,5.0,0.0,1.0,2.0,1.5,4.1,0.3658536585365854
1,1.2,5547,42,2,2,8880,2,38,1.0,5.0,0.0,0.0,5.0,0.0,0.0,0.0,1.0,2.0,3.0,4.0,0.75
1,1.2,5570,50,1,2,5811,3,30,1.0,1.0,5.0,0.0,1.0,1.0,5.0,0.0,2.0,2.0,3.3,5.0,0.6599999999999999
1,1.2,5570,52,1,2,5811,4,30,1.0,1.0,3.0,5.0,1.0,1.0,5.0,5.0,3.0,2.0,3.0,5.0,0.6
1,1.2,5570,54,1,2,8142,2,30,1.0,1.0,1.0,0.0,5.0,0.0,0.0,0.0,4.0,2.0,2.37,5.0,0.47400000000000003
1,1.2,5570,57,1,2,7451,3,30,1.0,5.0,0.0,0.0,5.0,0.0,5.0,0.0,1.0,2.0,3.4,4.0,0.85
1,1.2,5576,43,1,2,1395,4,30,1.0,5.0,0.0,0.0,5.0,0.0,0.0,0.0,1.0,2.0,3.0,6.0,0.5
1,1.2,5610,38,2,2,8644,2,30,1.0,5.0,0.0,0.0,1.0,5.0,0.0,0.0,1.0,2.0,3.0,4.0,0.75
1,1.2,5610,39,2,2,6042,2,30,1.0,5.0,0.0,0.0,5.0,0.0,0.0,0.0,2.0,2.0,3.13,4.0,0.7825
1,1.2,5614,41,1,2,7517,2,30,1.0,1.0,2.0,0.0,5.0,0.0,0.0,5.0,1.0,2.0,2.0,4.4,0.45454545454545453
1,1.2,5621,38,2,2,1826,4,30,1.0,1.0,5.0,0.0,5.0,0.0,0.0,0.0,2.0,2.0,3.5,4.0,0.875
1,1.2,5623,66,1,2,8326,2,60,1.0,5.0,0.0,0.0,5.0,0.0,5.0,0.0,1.0,2.0,3.0,4.0,0.75
1,1.2,5623,72,2,2,6374,5,33,1.0,5.0,0.0,0.0,5.0,0.0,0.0,0.0,1.0,2.0,3.1,4.0,0.775
1,1.2,5623,75,2,2,5130,4,30,1.0,5.0,0.0,0.0,5.0,0.0,0.0,0.0,2.0,2.0,3.1,4.0,0.775
1,1.2,5628,48,1,2,3084,4,30,1.0,5.0,0.0,0.0,5.0,0.0,0.0,0.0,1.0,2.0,1.6,4.0,0.4
1,1.2,5628,188,1,3,3084,3,30,1.0,5.0,0.0,0.0,5.0,0.0,0.0,0.0,1.0,2.0,1.8,2.6,0.6923076923076923
1,1.2,5642,180,2,3,2765,2,30,1.0,1.0,1.0,0.0,5.0,0.0,0.0,0.0,1.0,2.0,3.4,4.0,0.85
1,1.2,5655,42,1,2,908,3,33,1.0,5.0,0.0,5.0,5.0,0.0,0.0,0.0,2.0,2.0,3.8,4.5,0.8444444444444444
1,1.2,5655,46,1,2,908,4,30,1.0,5.0,0.0,5.0,5.0,0.0,0.0,5.0,2.0,2.0,3.8,4.5,0.8444444444444444
1,1.2,5656,198,1,3,4100,2,40,1.0,5.0,0.0,0.0,5.0,0.0,0.0,0.0,1.0,2.0,3.0,4.0,0.75
1,1.2,5664,179,1,3,3119,2,30,1.0,5.0,0.0,0.0,5.0,0.0,0.0,0.0,1.0,2.0,3.4,4.0,0.85
1,1.2,5676,37,2,2,794,2,30,1.0,5.0,0.0,0.0,5.0,0.0,0.0,0.0,1.0,2.0,3.4,4.0,0.85
1,1.2,5676,38,2,2,794,4,30,1.0,5.0,0.0,5.0,5.0,0.0,0.0,0.0,1.0,2.0,3.2,4.0,0.8
1,1.1,5677,48,1,2,4191,3,30,,,,,,,,,,2.0,2.0,4.0,0.5
1,1.2,5683,44,1,2,6719,3,60,1.0,1.0,6.0,5.0,5.0,0.0,0.0,5.0,1.0,2.0,3.0,4.0,0.75
1,1.2,5683,45,2,2,6742,3,33,1.0,5.0,0.0,0.0,5.0,0.0,0.0,0.0,1.0,2.0,3.5,4.0,0.875
1,1.2,5683,47,1,2,6869,2,30,1.0,5.0,0.0,5.0,5.0,0.0,0.0,0.0,1.0,2.0,2.8,4.0,0.7
1,1.2,5684,42,2,2,8538,2,30,1.0,1.0,6.0,0.0,1.0,1.0,0.0,0.0,1.0,2.0,3.7,4.0,0.925
1,1.2,5684,43,1,2,8538,3,30,1.0,5.0,0.0,5.0,5.0,0.0,0.0,0.0,1.0,2.0,3.0,4.0,0.75
1,1.2,5685,33,1,2,5303,2,30,1.0,5.0,0.0,0.0,5.0,0.0,0.0,0.0,1.0,2.0,3.0,4.0,0.75
1,1.2,5706,218,2,3,6203,2,30,1.0,1.0,2.0,0.0,5.0,0.0,1.0,0.0,1.0,2.0,4.2,4.7,0.8936170212765957
1,1.2,5714,179,2,3,4218,3,35,1.0,1.0,6.0,0.0,1.0,1.0,0.0,5.0,2.0,2.0,3.5,4.0,0.875
1,1.2,5749,51,1,2,6422,2,30,1.0,5.0,0.0,0.0,5.0,0.0,0.0,0.0,1.0,2.0,3.6,4.0,0.9
1,1.2,5812,66,1,2,8177,3,60,1.0,5.0,0.0,5.0,5.0,0.0,0.0,5.0,2.0,2.0,3.1,4.0,0.775
1,1.2,5814,48,2,2,4940,4,33,1.0,5.0,0.0,0.0,5.0,0.0,0.0,0.0,1.0,2.0,2.5,4.0,0.625
1,1.2,5853,46,1,2,5647,4,30,1.0,5.0,0.0,5.0,5.0,0.0,0.0,0.0,1.0,2.0,3.9,4.0,0.975
1,1.2,5858,43,2,2,2999,3,30,1.0,1.0,1.0,0.0,5.0,0.0,0.0,5.0,1.0,2.0,2.5,4.0,0.625
1,1.2,5861,40,1,2,2118,3,33,1.0,1.0,1.0,0.0,5.0,0.0,0.0,0.0,1.0,2.0,3.0,4.0,0.75
1,1.2,5871,33,2,2,6704,2,30,1.0,5.0,0.0,0.0,1.0,5.0,0.0,0.0,1.0,2.0,3.3,4.0,0.825
1,1.2,5872,44,2,2,6149,2,30,1.0,5.0,0.0,0.0,5.0,0.0,5.0,5.0,1.0,2.0,2.0,3.0,0.6666666666666666
1,1.2,5916,43,2,2,6408,2,30,1.0,5.0,0.0,0.0,5.0,0.0,0.0,0.0,1.0,2.0,3.0,4.0,0.75
1,1.2,5916,44,1,2,9104,2,30,1.0,5.0,0.0,0.0,5.0,0.0,0.0,0.0,1.0,2.0,2.8,4.0,0.7
1,1.2,5938,189,2,3,5278,2,30,1.0,5.0,0.0,0.0,5.0,0.0,0.0,0.0,1.0,2.0,2.8,4.0,0.7
1,1.2,5960,56,1,2,7067,3,30,1.0,5.0,0.0,0.0,5.0,0.0,5.0,0.0,2.0,2.0,4.0,5.0,0.8
1,1.2,5965,42,2,2,2898,2,30,1.0,5.0,0.0,0.0,1.0,5.0,0.0,0.0,1.0,2.0,5.3,5.5,0.9636363636363636
1,1.2,5977,37,2,2,6630,3,30,1.0,1.0,2.0,0.0,5.0,0.0,0.0,0.0,1.0,2.0,3.9,4.2,0.9285714285714285
1,1.2,5990,39,1,2,6474,3,33,1.0,1.0,1.0,5.0,5.0,0.0,0.0,5.0,3.0,2.0,4.2,5.0,0.8400000000000001
1,1.2,5990,40,2,2,4966,2,30,1.0,1.0,3.0,5.0,1.0,1.0,5.0,0.0,4.0,2.0,3.4,4.0,0.85
1,1.2,6009,34,2,2,8548,2,30,1.0,1.0,4.0,0.0,1.0,1.0,5.0,0.0,1.0,2.0,4.3,4.5,0.9555555555555555
1,1.2,6030,41,1,2,2134,3,30,1.0,5.0,0.0,0.0,5.0,0.0,0.0,0.0,1.0,2.0,3.6,4.0,0.9
1,1.2,6030,43,2,2,2134,4,30,1.0,1.0,1.0,0.0,5.0,0.0,5.0,0.0,1.0,2.0,4.0,4.0,1.0
1,1.2,6051,42,2,2,4122,2,30,1.0,5.0,0.0,0.0,5.0,0.0,0.0,0.0,0.0,2.0,2.36,4.0,0.59
1,1.2,6051,43,2,2,4122,3,30,1.0,5.0,0.0,0.0,5.0,0.0,0.0,0.0,1.0,2.0,2.5,4.0,0.625
1,1.2,6064,44,2,2,8229,2,40,1.0,5.0,0.0,5.0,5.0,0.0,0.0,0.0,1.0,2.0,2.5,5.0,0.5
1,1.2,6064,45,1,2,7606,2,30,1.0,5.0,0.0,0.0,5.0,0.0,0.0,0.0,1.0,2.0,0.6,4.0,0.15
1,1.2,6093,45,2,2,4156,2,95,1.0,5.0,0.0,5.0,1.0,1.0,0.0,5.0,2.0,2.0,3.74,4.0,0.935
1,1.2,6107,53,1,2,7659,3,35,1.0,5.0,0.0,0.0,5.0,0.0,0.0,0.0,1.0,2.0,3.2,4.0,0.8
1,1.2,6107,54,2,2,7659,4,35,1.0,1.0,1.0,0.0,5.0,0.0,0.0,0.0,2.0,2.0,3.0,4.0,0.75
1,1.2,6107,209,2,3,6327,3,30,1.0,5.0,0.0,0.0,5.0,0.0,0.0,0.0,1.0,2.0,3.2,4.0,0.8
1,1.2,6115,57,1,2,8414,3,30,1.0,5.0,0.0,0.0,5.0,0.0,0.0,0.0,3.0,2.0,2.9,4.0,0.725
1,1.2,6115,200,1,3,4675,4,35,1.0,5.0,0.0,0.0,1.0,5.0,0.0,0.0,0.0,2.0,3.0,4.2,0.7142857142857143
1,1.2,6127,186,2,3,6998,3,30,1.0,5.0,0.0,0.0,5.0,0.0,0.0,0.0,3.0,2.0,2.4,4.0,0.6
1,1.2,6159,47,2,2,5619,4,30,1.0,5.0,0.0,0.0,5.0,0.0,0.0,0.0,1.0,2.0,3.0,4.8,0.625
1,1.2,6159,48,2,2,6810,3,30,1.0,5.0,0.0,0.0,5.0,0.0,0.0,0.0,2.0,2.0,3.0,4.0,0.75
1,1.2,6165,40,1,2,4634,3,30,1.0,5.0,0.0,0.0,5.0,0.0,0.0,0.0,1.0,2.0,3.0,4.0,0.75
1,1.2,6166,187,2,3,8578,2,30,1.0,5.0,0.0,0.0,1.0,5.0,0.0,0.0,1.0,2.0,3.1,3.5,0.8857142857142858
1,1.2,6187,42,1,2,7298,2,30,1.0,1.0,6.0,0.0,1.0,1.0,0.0,0.0,1.0,2.0,3.7,5.0,0.74
1,1.2,6187,43,1,2,7298,3,30,1.0,1.0,6.0,0.0,1.0,1.0,5.0,0.0,1.0,2.0,3.7,4.0,0.925
1,1.2,6200,42,2,2,8473,2,30,1.0,1.0,2.0,5.0,5.0,0.0,0.0,5.0,1.0,2.0,4.1,5.0,0.82
1,1.2,6335,178,2,3,6809,4,60,1.0,5.0,0.0,0.0,5.0,0.0,0.0,0.0,3.0,2.0,3.3,4.0,0.825
1,1.2,6357,38,1,2,5611,4,30,1.0,1.0,5.0,5.0,1.0,1.0,5.0,0.0,1.0,2.0,3.5,5.0,0.7
1,1.2,6370,45,1,2,3224,2,30,1.0,5.0,0.0,0.0,5.0,0.0,0.0,0.0,2.0,2.0,2.8,4.0,0.7
1,1.2,6381,43,2,2,8088,3,33,1.0,1.0,1.0,0.0,5.0,0.0,0.0,0.0,1.0,2.0,3.9,4.0,0.975
1,1.2,6418,37,1,2,134,2,30,1.0,1.0,5.0,0.0,5.0,0.0,0.0,0.0,1.0,2.0,2.8,4.0,0.7
1,1.2,6436,54,2,2,4629,3,30,1.0,5.0,0.0,0.0,5.0,0.0,0.0,0.0,1.0,2.0,3.75,4.0,0.9375
1,1.2,6485,46,1,2,5666,3,30,1.0,5.0,0.0,0.0,5.0,0.0,5.0,0.0,2.0,2.0,4.3,5.0,0.86
1,1.2,6485,192,2,3,7197,2,30,1.0,5.0,0.0,0.0,5.0,0.0,0.0,0.0,3.0,2.0,3.1,4.5,0.6888888888888889
1,1.2,6537,41,2,2,9291,3,30,1.0,5.0,0.0,0.0,1.0,5.0,5.0,1.0,1.0,2.0,2.9,3.5,0.8285714285714285
1,1.2,6537,42,1,2,9291,4,30,1.0,5.0,0.0,0.0,5.0,0.0,5.0,0.0,1.0,2.0,2.8,3.0,0.9333333333333332
1,1.2,6541,34,2,2,4530,3,30,1.0,1.0,2.0,0.0,5.0,0.0,0.0,0.0,2.0,2.0,4.5,5.0,0.9
1,1.2,6545,45,1,2,7269,3,30,1.0,1.0,1.0,0.0,5.0,0.0,0.0,0.0,5.0,2.0,3.2,4.0,0.8
1,1.2,6560,34,2,2,1598,3,33,1.0,5.0,0.0,0.0,1.0,1.0,5.0,0.0,1.0,2.0,4.0,5.0,0.8
1,1.2,6560,35,2,2,1598,4,33,1.0,1.0,5.0,0.0,1.0,1.0,5.0,0.0,1.0,2.0,3.5,4.0,0.875
1,1.2,6571,42,1,2,1666,3,30,1.0,5.0,0.0,0.0,5.0,0.0,5.0,0.0,1.0,2.0,3.2,4.0,0.8
1,1.2,6577,44,1,2,7318,2,30,1.0,5.0,0.0,0.0,5.0,0.0,0.0,5.0,1.0,2.0,3.2,4.0,0.8
1,1.2,6583,229,2,3,7246,2,30,1.0,5.0,0.0,0.0,5.0,0.0,0.0,0.0,5.0,2.0,3.0,4.0,0.75
1,1.2,6589,36,2,2,3737,2,30,1.0,5.0,0.0,0.0,5.0,0.0,0.0,0.0,2.0,2.0,3.7,4.0,0.925
1,1.1,6624,35,2,2,3195,3,33,,,,,,,,,,2.0,3.2,4.0,0.8
1,1.1,6624,37,1,2,3195,4,33,,,,,,,,,,2.0,3.2,4.0,0.8
1,1.2,6655,45,2,2,5924,3,35,1.0,1.0,3.0,5.0,5.0,0.0,0.0,0.0,5.0,2.0,3.5,4.0,0.875
1,1.2,6655,46,2,2,5714,2,30,1.0,5.0,0.0,0.0,5.0,0.0,0.0,0.0,1.0,2.0,3.6,4.0,0.9
1,1.2,6682,37,1,2,3129,4,30,1.0,1.0,1.0,0.0,5.0,0.0,0.0,0.0,1.0,2.0,2.43,4.0,0.6075
1,1.2,6684,43,2,2,7674,4,60,1.0,5.0,0.0,0.0,1.0,5.0,5.0,0.0,1.0,2.0,3.0,4.0,0.75
1,1.2,6684,44,2,2,7674,2,60,1.0,1.0,1.0,0.0,5.0,0.0,0.0,0.0,1.0,2.0,2.8,4.0,0.7
1,1.2,6703,33,2,2,1351,2,30,1.0,5.0,0.0,5.0,5.0,0.0,0.0,0.0,0.0,2.0,2.0,4.0,0.5
1,1.2,6707,35,1,2,8330,2,30,1.0,5.0,0.0,0.0,5.0,0.0,0.0,0.0,2.0,2.0,3.0,3.5,0.8571428571428571
1,1.2,6707,36,1,2,8330,3,30,1.0,5.0,0.0,0.0,5.0,0.0,0.0,0.0,2.0,2.0,2.66,4.0,0.665
1,1.2,6721,174,2,3,6887,3,30,1.0,5.0,0.0,0.0,5.0,0.0,0.0,0.0,5.0,2.0,3.7,4.5,0.8222222222222223
1,1.2,6779,218,2,3,6482,4,30,1.0,5.0,0.0,0.0,5.0,0.0,0.0,0.0,1.0,2.0,3.93,4.0,0.9825
1,1.2,6785,42,1,2,2103,4,30,1.0,5.0,0.0,0.0,5.0,0.0,0.0,0.0,2.0,2.0,2.5,4.0,0.625
1,1.2,6795,176,2,3,9247,3,30,1.0,5.0,0.0,0.0,1.0,5.0,0.0,0.0,1.0,2.0,3.3,4.2,0.7857142857142856
1,1.2,6798,41,2,2,5792,3,30,1.0,1.0,1.0,0.0,1.0,5.0,0.0,0.0,2.0,2.0,3.25,4.5,0.7222222222222222
1,1.2,6798,42,1,2,5792,4,30,1.0,1.0,1.0,0.0,5.0,0.0,0.0,0.0,1.0,2.0,4.0,4.75,0.8421052631578947
1,1.2,6826,34,1,2,3188,4,30,1.0,5.0,0.0,5.0,5.0,0.0,0.0,0.0,1.0,2.0,3.0,3.0,1.0
1,1.2,6832,49,1,2,9181,2,30,1.0,5.0,0.0,0.0,1.0,1.0,5.0,0.0,1.0,2.0,3.0,4.0,0.75
1,1.2,6836,31,1,2,723,5,30,1.0,5.0,0.0,5.0,5.0,0.0,0.0,0.0,1.0,2.0,2.8,4.9,0.5714285714285714
1,1.2,6853,35,2,2,7592,4,30,1.0,5.0,0.0,0.0,1.0,1.0,5.0,0.0,1.0,2.0,4.1,5.1,0.803921568627451
