KIDS,KID21,ER30001,ER30002,ER32000,ER32006,ER34901,ER34902,ER34903,P21REL,P21E5,P21E6,P21E10_09,P21E15,P21E16_3,P21E26_5,P21E33_6,P21E53A,C21REL,C21B12,C21B13,C21B31,C21B32,GPA_normalized
1,1.2,10,36,2,2,1220,3,30,1,5,0,0,1,5,5,5,3,1.0,4.2,5.0,6.0,6.0,0.8400000000000001
1,1.2,16,37,2,2,1978,3,30,1,1,1,0,5,0,5,0,1,1.0,4.1,4.5,2.0,6.0,0.911111111111111
1,1.2,23,33,1,2,4787,3,30,1,1,5,0,5,0,5,0,1,1.0,3.5,4.0,6.0,6.0,0.875
1,1.2,41,40,2,2,4204,4,30,1,1,6,0,1,1,0,0,1,1.0,4.3,5.0,6.0,6.0,0.86
1,1.2,53,44,2,2,4724,2,30,1,1,2,0,5,0,0,0,1,1.0,3.75,4.0,6.0,6.0,0.9375
1,1.2,68,32,1,2,4834,4,30,1,1,1,5,5,0,5,0,1,1.0,3.2,4.5,6.0,6.0,0.7111111111111111
1,1.2,151,41,1,2,3872,4,30,1,5,0,0,5,0,0,0,2,1.0,4.2,4.8,6.0,6.0,0.8750000000000001
1,1.2,151,42,2,2,3872,5,30,1,5,0,0,5,0,0,0,2,1.0,4.2,4.5,6.0,6.0,0.9333333333333333
1,1.2,156,33,1,2,2975,4,30,1,5,0,0,5,0,0,5,1,1.0,3.85,4.0,6.0,6.0,0.9625
1,1.2,166,34,1,2,199,3,30,1,1,1,5,5,0,5,0,1,1.0,4.0,4.0,7.0,7.0,1.0
1,1.2,200,44,1,2,3950,2,30,1,5,0,0,5,0,0,0,1,1.0,3.2,4.0,2.0,2.0,0.8
1,1.2,236,38,2,2,6412,5,30,1,1,1,0,5,0,5,0,1,1.0,3.8,4.0,7.0,7.0,0.95
1,1.2,236,39,2,2,6412,6,30,1,1,1,0,5,0,5,0,1,1.0,2.8,4.0,7.0,6.0,0.7
1,1.2,263,42,1,2,534,4,30,1,1,1,5,5,0,0,0,1,1.0,2.7,4.0,2.0,2.0,0.675
1,1.2,267,33,2,2,498,3,30,1,1,3,0,5,0,5,5,2,1.0,4.0,4.0,7.0,6.0,1.0
1,1.2,297,65,1,2,5550,4,30,1,5,0,0,5,0,0,0,2,1.0,4.5,4.8,6.0,6.0,0.9375
1,1.2,308,38,1,2,2662,3,30,1,1,1,0,5,0,0,0,1,1.0,3.1,4.0,6.0,6.0,0.775
1,1.2,317,37,2,2,3048,3,30,1,1,5,0,1,1,0,0,1,1.0,3.8,4.0,6.0,6.0,0.95
1,1.2,317,38,1,2,3048,4,30,1,1,3,0,1,1,0,0,1,1.0,4.0,4.0,6.0,6.0,1.0
1,1.2,317,39,1,2,4050,4,30,1,1,2,0,5,0,5,0,1,1.0,3.9,4.0,7.0,6.0,0.975
1,1.2,321,181,1,3,4500,3,30,1,1,1,0,5,0,0,0,1,1.0,3.78,4.0,7.0,7.0,0.945
1,1.2,368,35,1,2,5747,4,30,1,1,1,0,5,0,0,0,2,1.0,3.8,5.0,7.0,7.0,0.76
1,1.2,368,36,1,2,7648,4,30,1,1,2,0,5,0,5,0,2,1.0,3.5,5.0,7.0,6.0,0.7
1,1.2,368,37,2,2,7648,5,30,1,1,2,0,5,0,5,0,2,1.0,4.02,5.0,6.0,6.0,0.8039999999999999
1,1.2,409,38,2,2,6027,2,30,1,1,2,5,5,0,0,0,2,1.0,5.4,6.0,6.0,6.0,0.9
1,1.2,445,36,2,2,6339,4,30,1,1,2,0,5,0,0,0,1,1.0,4.1,5.0,6.0,6.0,0.82
1,1.2,473,47,1,2,3585,3,30,1,5,0,0,5,0,0,5,1,1.0,3.5,4.0,6.0,3.0,0.875
1,1.2,478,47,2,2,3141,4,30,1,1,2,0,5,0,0,0,1,1.0,3.5,4.0,6.0,6.0,0.875
1,1.2,541,36,2,2,358,2,30,1,1,3,0,1,1,5,0,1,1.0,3.5,4.0,6.0,6.0,0.875
1,1.2,565,35,2,2,3778,3,30,1,5,0,0,5,0,0,0,1,1.0,3.5,4.0,6.0,6.0,0.875
1,1.2,577,33,2,2,1166,3,30,1,1,5,0,5,0,0,0,1,1.0,3.7,4.0,4.0,2.0,0.925
1,1.2,595,32,1,2,1639,2,30,1,5,0,0,5,0,0,0,3,1.0,4.0,4.5,6.0,6.0,0.8888888888888888
1,1.2,605,33,2,2,1890,3,30,1,1,2,0,5,0,5,5,2,1.0,4.59,5.0,7.0,7.0,0.9179999999999999
1,1.2,641,34,2,2,1834,3,30,1,5,0,0,5,0,5,0,1,1.0,4.3,4.5,7.0,5.0,0.9555555555555555
1,1.2,647,37,1,2,3877,2,30,1,1,1,0,5,0,0,5,1,1.0,3.8,4.0,6.0,6.0,0.95
1,1.2,706,33,1,2,1269,3,30,1,5,0,0,5,0,0,0,2,1.0,3.5,4.0,3.0,3.0,0.875
1,1.2,712,35,2,2,4449,3,30,1,1,6,0,1,1,0,0,1,1.0,3.9,4.0,6.0,6.0,0.975
1,1.2,749,39,2,2,7458,5,30,1,5,0,0,5,0,1,0,1,1.0,3.83,4.0,2.0,2.0,0.9575
1,1.2,751,45,2,2,7362,2,30,1,5,0,0,5,0,0,0,2,1.0,2.3,4.0,3.0,2.0,0.575
1,1.2,751,46,1,2,7607,4,30,1,1,2,0,5,0,0,0,1,1.0,3.2,4.1,7.0,6.0,0.7804878048780489
1,1.2,828,31,2,2,1098,2,30,1,5,0,0,5,0,0,0,1,1.0,3.8,4.0,7.0,6.0,0.95
1,1.2,860,30,1,2,18,3,30,1,1,3,0,5,0,0,0,1,1.0,3.9,4.5,6.0,6.0,0.8666666666666667
1,1.2,863,38,2,2,4038,3,30,1,5,0,0,5,0,0,0,1,1.0,3.2,4.0,6.0,6.0,0.8
1,1.2,894,36,1,2,2215,3,30,1,1,1,0,5,0,0,0,1,1.0,4.0,5.3,7.0,7.0,0.7547169811320755
1,1.2,906,33,2,2,3173,3,30,1,1,2,0,5,0,5,5,1,1.0,3.8,5.0,7.0,7.0,0.76
1,1.2,961,42,1,2,4390,2,30,1,1,1,0,5,0,5,0,5,1.0,3.93,4.0,98.0,5.0,0.9825
1,1.2,1051,49,2,2,6341,3,30,1,1,1,5,5,0,0,0,1,1.0,4.2,4.5,7.0,7.0,0.9333333333333333
1,1.2,1051,50,2,2,6341,4,30,1,1,5,0,1,1,0,0,1,1.0,4.0,4.5,7.0,7.0,0.8888888888888888
1,1.2,1066,39,2,2,2367,3,33,1,1,1,5,5,0,0,0,1,1.0,2.8,4.0,5.0,6.0,0.7
1,1.2,1070,33,2,2,306,3,30,1,5,0,0,5,0,0,0,3,1.0,3.0,4.0,2.0,2.0,0.75
1,1.2,1080,31,2,2,705,3,30,1,1,3,0,1,1,5,0,1,1.0,3.2,5.0,3.0,3.0,0.64
1,1.2,1081,33,2,2,369,3,30,1,1,2,0,5,0,0,0,1,1.0,4.0,4.0,6.0,6.0,1.0
1,1.2,1088,43,2,2,7798,5,30,1,5,0,0,5,0,0,0,5,1.0,3.4,4.0,7.0,6.0,0.85
1,1.2,1089,33,2,2,7942,4,30,1,5,0,0,5,0,0,0,3,1.0,2.7,4.5,6.0,6.0,0.6000000000000001
1,1.2,1094,34,2,2,3745,4,30,1,5,0,0,5,0,0,0,1,1.0,4.0,4.0,6.0,6.0,1.0
1,1.2,1097,32,2,2,1156,3,30,1,5,0,0,5,0,5,0,1,1.0,3.4,4.0,6.0,6.0,0.85
1,1.2,1127,34,1,2,4347,2,30,1,5,0,5,5,0,0,5,1,1.0,3.0,4.0,6.0,6.0,0.75
1,1.2,1152,44,2,2,3924,3,30,1,1,2,5,1,5,1,0,1,1.0,3.5,4.0,6.0,6.0,0.875
1,1.2,1163,50,2,2,7965,3,30,1,1,1,0,5,0,0,5,1,1.0,4.12,5.0,6.0,6.0,0.8240000000000001
1,1.2,1163,51,2,2,7965,4,30,1,1,2,0,5,0,0,5,1,1.0,4.0,4.3,7.0,7.0,0.9302325581395349
1,1.2,1168,48,2,2,4751,3,30,1,1,2,0,5,0,0,0,2,1.0,8.6,9.0,6.0,6.0,0.9555555555555555
1,1.2,1168,54,2,2,4388,4,30,1,5,0,0,5,0,0,5,2,1.0,3.9,4.0,6.0,6.0,0.975
1,1.2,1200,179,2,3,1722,4,30,1,5,0,5,5,0,5,0,1,1.0,3.87,4.0,7.0,6.0,0.9675
1,1.2,1255,32,2,2,388,3,30,1,1,1,0,5,0,0,0,2,1.0,4.0,4.0,7.0,7.0,1.0
1,1.2,1255,33,2,2,388,4,30,1,1,1,0,5,0,0,0,2,1.0,4.2,4.5,7.0,7.0,0.9333333333333333
1,1.2,1255,35,2,2,388,5,30,1,1,5,0,5,0,0,0,1,1.0,4.0,4.5,7.0,7.0,0.8888888888888888
1,1.2,1284,36,2,2,3760,3,30,1,1,1,0,5,0,5,0,1,1.0,4.2,4.5,7.0,7.0,0.9333333333333333
1,1.2,1314,34,2,2,3152,4,30,1,1,6,0,1,1,0,0,1,1.0,2.9,4.0,7.0,6.0,0.725
1,1.2,1335,68,1,2,5061,2,30,1,1,2,0,1,1,0,5,1,1.0,4.14,4.5,6.0,6.0,0.9199999999999999
1,1.2,1335,78,1,2,3218,3,30,1,5,0,0,5,0,0,0,3,1.0,3.5,4.0,4.0,4.0,0.875
1,1.2,1345,39,1,2,3426,5,30,1,1,5,0,1,1,5,0,1,1.0,4.0,4.0,6.0,6.0,1.0
1,1.2,1394,41,2,2,3232,4,30,1,1,1,0,5,0,0,0,1,1.0,2.7,4.0,6.0,3.0,0.675
1,1.2,1406,36,1,2,6180,3,30,1,5,0,0,5,0,0,0,1,1.0,3.2,6.0,6.0,6.0,0.5333333333333333
1,1.2,1438,40,2,2,3575,2,30,1,5,0,0,5,0,0,0,1,1.0,3.6,4.0,6.0,6.0,0.9
1,1.2,1473,33,2,2,7165,3,30,1,5,0,0,5,0,5,0,1,1.0,4.2,5.0,7.0,7.0,0.8400000000000001
1,1.2,1473,34,2,2,3982,3,30,1,5,0,0,5,0,0,0,1,1.0,3.8,4.0,7.0,6.0,0.95
1,1.2,1473,35,1,2,7165,4,30,1,5,0,0,5,0,5,0,1,1.0,3.8,5.0,6.0,6.0,0.76
1,1.2,1496,36,1,2,7397,5,30,1,1,2,0,5,0,0,0,1,1.0,3.9,4.0,6.0,6.0,0.975
1,1.2,1571,45,1,2,3046,3,30,1,5,0,0,5,0,0,0,1,1.0,1.8,4.0,3.0,2.0,0.45
1,1.2,1579,46,1,2,3076,4,30,1,1,3,5,1,1,0,5,1,1.0,3.8,4.0,6.0,6.0,0.95
1,1.2,1579,51,2,2,3346,3,30,1,5,0,0,1,5,0,5,1,1.0,3.9,4.0,7.0,7.0,0.975
1,1.2,1583,34,2,2,7181,2,30,1,5,0,5,5,0,0,0,2,1.0,2.5,4.0,7.0,7.0,0.625
1,1.2,1633,30,2,2,5553,3,30,1,1,1,0,5,0,0,0,1,1.0,4.0,4.0,7.0,7.0,1.0
1,1.2,1633,31,1,2,7041,2,30,1,5,0,0,5,0,0,0,1,1.0,2.8,4.0,3.0,2.0,0.7
1,1.2,1652,39,2,2,2321,4,30,1,1,3,0,1,5,0,0,1,1.0,3.25,4.0,2.0,2.0,0.8125
1,1.2,1652,40,2,2,6004,3,30,1,1,5,0,1,1,5,5,1,1.0,3.8,4.0,6.0,6.0,0.95
1,1.2,1695,60,2,2,3572,3,33,1,1,1,0,5,0,0,0,1,1.0,3.66,4.5,2.0,2.0,0.8133333333333334
1,1.2,1695,61,2,2,2663,3,30,1,5,0,0,5,0,0,0,1,1.0,3.4,4.0,6.0,6.0,0.85
1,1.2,1695,65,1,2,3572,4,30,1,1,1,0,5,0,0,0,1,1.0,3.2,4.0,6.0,5.0,0.8
1,1.2,1697,54,2,2,8447,3,30,1,5,0,0,1,5,1,0,1,1.0,2.7,4.0,4.0,4.0,0.675
1,1.2,1726,35,2,2,4555,4,30,1,5,0,0,5,0,5,0,1,1.0,3.7,5.5,6.0,6.0,0.6727272727272727
1,1.2,1763,44,1,2,3341,3,30,1,5,0,0,5,0,0,0,1,1.0,3.7,4.0,6.0,6.0,0.925
1,1.2,1786,52,2,2,7295,2,30,1,5,0,0,5,0,5,0,1,1.0,3.8,4.0,3.0,3.0,0.95
1,1.2,1821,33,2,2,323,4,30,1,1,3,5,5,0,5,0,1,1.0,3.8,4.0,7.0,7.0,0.95
1,1.2,1839,41,1,2,4211,5,30,1,5,0,0,5,0,0,0,1,1.0,3.4,4.0,3.0,3.0,0.85
1,1.2,1935,31,1,2,883,4,30,1,5,0,5,5,0,0,0,1,1.0,2.9,4.0,7.0,6.0,0.725
1,1.2,1939,36,2,2,6191,4,30,1,1,3,5,1,5,0,0,1,1.0,4.6,4.8,6.0,6.0,0.9583333333333333
1,1.2,1956,32,2,2,7961,3,30,1,5,0,0,1,5,0,0,1,1.0,3.1,5.0,6.0,6.0,0.62
1,1.2,1961,32,2,2,499,3,30,1,1,1,0,5,0,0,0,1,1.0,3.4,4.0,3.0,3.0,0.85
1,1.2,1988,34,2,2,1596,3,30,1,5,0,0,5,0,5,0,2,1.0,3.7,5.0,5.0,6.0,0.74
1,1.2,2000,31,1,2,1112,4,30,1,1,5,0,1,1,0,5,1,1.0,3.9,4.2,6.0,6.0,0.9285714285714285
1,1.2,2017,38,1,2,2839,3,30,1,1,2,0,5,0,5,0,1,1.0,2.7,4.0,3.0,3.0,0.675
1,1.2,2019,33,1,2,3885,2,30,1,1,2,0,5,0,0,0,1,1.0,3.7,4.0,7.0,7.0,0.925
1,1.2,2028,34,2,2,1133,4,30,1,5,0,5,5,0,0,0,1,1.0,3.8,4.8,7.0,7.0,0.7916666666666666
1,1.2,2055,36,1,2,3014,2,30,1,5,0,0,5,0,0,0,1,1.0,3.8,4.0,6.0,6.0,0.95
1,1.2,2127,33,1,2,5239,3,30,1,5,0,0,5,0,0,0,1,1.0,3.1,4.1,6.0,6.0,0.7560975609756099
1,1.2,2133,39,1,2,3306,4,30,1,1,4,0,5,0,0,5,1,1.0,3.5,4.0,6.0,6.0,0.875
1,1.2,2151,45,2,2,5495,3,30,1,1,1,0,1,5,0,0,1,1.0,3.9,4.0,6.0,6.0,0.975
1,1.2,2181,50,2,2,3374,3,30,1,5,0,0,5,0,0,0,1,1.0,3.0,4.0,6.0,6.0,0.75
1,1.2,2252,33,1,2,567,3,30,1,5,0,0,5,0,0,0,1,1.0,3.5,4.0,6.0,6.0,0.875
1,1.2,2256,35,1,2,2964,3,30,1,1,4,0,5,0,0,0,2,1.0,4.0,4.0,6.0,7.0,1.0
1,1.2,2263,31,2,2,8233,3,30,1,1,1,0,5,0,5,0,2,1.0,3.77,5.0,7.0,7.0,0.754
1,1.2,2300,35,1,2,2270,3,30,1,1,1,0,5,0,0,0,1,1.0,3.9,4.0,6.0,6.0,0.975
1,1.2,2302,68,2,2,7843,3,60,1,1,3,0,5,0,0,5,1,1.0,2.71,3.0,6.0,6.0,0.9033333333333333
1,1.2,2302,69,2,2,4398,3,30,1,1,6,0,5,0,0,5,1,1.0,3.2,4.0,4.0,4.0,0.8
1,1.2,2373,32,1,2,46,4,30,1,5,0,0,5,0,0,0,4,1.0,3.75,4.0,6.0,6.0,0.9375
1,1.2,2500,34,1,2,1227,4,30,1,5,0,5,5,0,0,0,1,1.0,2.8,4.3,3.0,3.0,0.6511627906976744
1,1.2,2509,48,1,2,3669,3,30,1,5,0,0,5,0,0,0,1,1.0,4.4,5.0,6.0,6.0,0.8800000000000001
1,1.2,2524,39,1,2,4187,4,30,1,5,0,0,5,0,5,0,1,1.0,3.4,4.0,7.0,7.0,0.85
1,1.2,2578,31,2,2,3502,3,30,1,5,0,0,5,0,0,0,1,1.0,3.2,4.0,1.0,1.0,0.8
1,1.2,2615,65,1,2,5010,3,30,1,5,0,0,5,0,0,5,4,1.0,3.6,4.0,6.0,6.0,0.9
1,1.2,2615,66,1,2,4074,2,30,1,5,0,0,5,0,5,0,3,1.0,3.2,4.0,2.0,2.0,0.8
1,1.2,2646,38,1,2,6126,3,30,1,1,6,5,1,1,0,5,4,1.0,3.9,4.0,6.0,6.0,0.975
1,1.2,2661,55,1,2,7119,4,30,1,5,0,5,5,0,0,0,1,1.0,3.5,4.0,6.0,6.0,0.875
1,1.2,2664,33,1,2,1746,2,30,1,5,0,0,5,0,0,5,1,1.0,3.4,4.1,6.0,3.0,0.8292682926829269
1,1.2,2688,40,2,2,4704,3,30,1,5,0,0,5,0,0,0,1,1.0,2.2,4.0,7.0,6.0,0.55
1,1.2,2697,32,2,2,1756,3,30,1,1,5,0,1,1,0,0,2,1.0,4.1,4.5,7.0,6.0,0.911111111111111
1,1.2,2699,33,2,2,1918,3,30,1,1,3,5,5,0,5,0,1,1.0,3.9,4.0,6.0,6.0,0.975
1,1.2,2701,62,2,2,5829,4,30,1,5,0,0,5,0,0,0,5,1.0,3.4,4.0,2.0,6.0,0.85
1,1.2,2707,57,1,2,3959,3,30,1,5,0,0,1,5,0,0,1,1.0,3.7,4.0,6.0,6.0,0.925
1,1.2,2707,62,1,2,3959,4,30,1,5,0,0,5,0,0,0,1,1.0,3.1,4.0,6.0,6.0,0.775
1,1.2,2753,37,2,2,3298,3,30,1,1,6,5,5,0,0,0,1,1.0,3.9,4.0,6.0,6.0,0.975
1,1.2,2764,30,2,2,780,3,30,1,5,0,0,5,0,0,0,1,1.0,4.08,4.08,7.0,6.0,1.0
1,1.2,2770,35,1,2,940,4,30,1,5,0,0,5,0,0,0,1,1.0,3.0,4.2,5.0,5.0,0.7142857142857143
1,1.2,2771,36,2,2,6189,2,30,1,1,1,0,5,0,5,0,1,1.0,2.8,4.0,7.0,6.0,0.7
1,1.2,2786,36,1,2,3683,5,60,1,5,0,0,5,0,0,0,1,1.0,3.0,4.0,6.0,4.0,0.75
1,1.2,2794,33,1,2,2778,2,30,1,5,0,0,5,0,0,0,5,1.0,3.4,4.3,3.0,2.0,0.7906976744186046
1,1.2,2850,32,2,2,286,3,30,1,1,2,0,5,0,5,0,1,1.0,4.2,5.0,6.0,6.0,0.8400000000000001
1,1.2,2852,61,2,2,2261,3,33,1,5,0,0,5,0,0,0,1,1.0,3.7,4.0,4.0,2.0,0.925
1,1.2,2852,62,1,2,4022,2,30,1,5,0,0,5,0,0,0,1,1.0,2.5,4.0,6.0,6.0,0.625
1,1.2,2852,68,1,2,2726,2,30,1,1,1,0,5,0,0,0,1,1.0,3.2,4.0,4.0,4.0,0.8
1,1.2,2860,35,2,2,3832,3,30,1,1,2,0,1,1,5,0,1,1.0,4.2,5.0,6.0,6.0,0.8400000000000001
1,1.2,2881,178,2,3,6356,3,30,1,5,0,0,5,0,0,0,1,1.0,2.5,4.0,6.0,6.0,0.625
1,1.2,2885,36,1,2,1844,3,30,1,1,1,0,5,0,0,0,1,1.0,4.0,4.0,6.0,6.0,1.0
1,1.2,3057,32,1,2,6351,3,30,1,1,5,0,1,1,5,0,1,1.0,3.0,4.0,6.0,6.0,0.75
1,1.2,3095,33,2,2,1307,3,35,1,5,0,0,5,0,0,0,2,1.0,3.6,4.0,6.0,3.0,0.9
1,1.2,3137,33,1,2,832,3,30,1,5,0,0,5,0,0,5,1,1.0,3.4,4.5,7.0,6.0,0.7555555555555555
1,1.2,3172,30,1,2,3178,4,30,1,1,1,0,5,0,0,0,1,1.0,3.7,4.0,6.0,3.0,0.925
1,1.2,3190,30,1,2,1672,4,35,1,5,0,0,5,0,0,0,1,1.0,2.8,4.0,6.0,6.0,0.7
1,1.2,3191,30,2,2,1431,2,30,1,5,0,0,5,0,0,0,1,1.0,3.4,4.5,99.0,99.0,0.7555555555555555
1,1.2,3193,34,1,2,4543,4,30,1,5,0,0,5,0,0,0,1,1.0,3.6,4.0,2.0,2.0,0.9
1,1.2,3226,31,2,2,7770,4,30,1,1,5,0,5,0,5,0,1,1.0,3.4,5.0,7.0,7.0,0.6799999999999999
1,1.2,3242,31,1,2,2485,3,30,1,1,1,0,5,0,0,0,1,1.0,2.8,3.0,7.0,7.0,0.9333333333333332
1,1.2,3247,30,1,2,522,3,30,1,1,6,0,5,0,0,5,1,1.0,3.8,4.5,7.0,7.0,0.8444444444444444
1,1.2,3258,171,1,3,4468,3,30,1,5,0,0,5,0,0,0,1,1.0,3.5,4.0,2.0,2.0,0.875
1,1.2,3263,31,2,2,4536,2,30,1,1,1,0,5,0,5,0,1,1.0,3.6,5.0,5.0,5.0,0.72
1,1.2,3272,33,2,2,1458,3,30,1,5,0,0,5,0,0,5,1,1.0,3.6,4.0,7.0,7.0,0.9
1,1.2,3303,32,1,2,5923,4,30,1,5,0,0,5,0,0,5,1,1.0,3.7,5.0,6.0,6.0,0.74
1,1.2,3316,31,2,2,1126,4,30,1,1,2,0,5,0,0,0,1,1.0,3.9,4.0,6.0,6.0,0.975
1,1.2,3316,32,1,2,339,3,30,1,5,0,0,5,0,5,0,1,1.0,3.8,4.8,6.0,5.0,0.7916666666666666
1,1.2,3320,30,2,2,1047,2,30,1,5,0,5,5,0,0,0,2,1.0,3.9,4.0,7.0,7.0,0.975
1,1.2,3333,31,2,2,1619,4,30,1,1,1,0,5,0,0,0,1,1.0,4.3,5.0,7.0,6.0,0.86
1,1.2,3359,32,2,2,2243,3,30,1,5,0,0,5,0,0,0,3,1.0,3.8,4.0,6.0,6.0,0.95
1,1.2,3373,31,1,2,6332,5,30,1,5,0,0,5,0,0,5,1,1.0,3.5,4.5,6.0,6.0,0.7777777777777778
1,1.2,3375,30,2,2,4913,3,30,1,5,0,0,5,0,0,0,1,1.0,2.0,3.0,6.0,6.0,0.6666666666666666
1,1.2,3380,30,1,2,359,3,35,1,1,1,0,5,0,0,0,1,1.0,3.5,4.3,6.0,3.0,0.813953488372093
1,1.2,3381,35,1,2,4949,4,30,1,1,5,0,5,0,0,5,1,1.0,3.8,5.0,6.0,6.0,0.76
1,1.2,3394,32,1,2,1910,3,30,1,1,1,0,5,0,0,0,3,1.0,3.4,4.0,7.0,6.0,0.85
1,1.2,3402,32,2,2,7891,4,30,1,5,0,0,5,0,0,0,3,1.0,4.4,5.0,6.0,6.0,0.8800000000000001
1,1.2,3402,33,1,2,5163,4,33,1,1,5,0,5,0,0,0,0,1.0,3.75,4.0,3.0,3.0,0.9375
1,1.2,3402,34,1,2,7891,5,30,1,5,0,5,5,0,0,0,3,1.0,2.5,4.0,3.0,3.0,0.625
1,1.2,3407,32,1,2,5509,3,30,1,1,1,0,5,0,0,0,2,1.0,3.2,4.2,6.0,6.0,0.7619047619047619
1,1.2,3439,32,1,2,848,4,30,1,1,3,5,5,0,0,0,2,1.0,3.0,4.0,3.0,3.0,0.75
1,1.2,3480,30,2,2,6174,3,30,1,1,1,0,5,0,5,0,2,1.0,3.5,4.0,6.0,6.0,0.875
1,1.2,4009,3,1,1,9056,3,30,1,1,1,0,5,0,0,5,1,1.0,4.0,5.0,5.0,5.0,0.8
1,1.2,4052,3,1,1,1066,3,30,1,1,5,0,1,1,0,0,1,1.0,4.45,5.0,6.0,6.0,0.89
1,1.2,4052,4,2,1,1066,4,30,1,1,1,0,5,0,5,0,1,1.0,4.5,5.0,6.0,6.0,0.9
1,1.2,4062,2,1,1,334,2,30,1,1,1,5,5,0,0,0,1,1.0,3.6,4.0,7.0,7.0,0.9
1,1.2,4100,4,2,1,798,4,30,1,5,0,5,1,1,0,5,2,1.0,3.2,4.0,7.0,6.0,0.8
1,1.2,4105,3,2,1,48,3,30,1,1,6,5,1,1,0,0,2,1.0,3.4,4.5,6.0,5.0,0.7555555555555555
1,1.2,4137,6,1,1,894,6,30,1,1,5,0,1,1,0,5,5,1.0,3.69,4.0,6.0,6.0,0.9225
1,1.2,4162,4,2,1,7659,4,33,1,5,0,0,5,0,0,0,1,1.0,3.6,4.0,6.0,6.0,0.9
1,1.2,4173,4,1,1,6455,4,30,1,1,6,0,5,0,0,0,1,1.0,2.7,4.0,3.0,5.0,0.675
1,1.2,4261,4,2,1,4194,3,30,1,5,0,0,5,0,0,0,1,1.0,3.5,6.0,7.0,7.0,0.5833333333333334
1,1.2,4265,5,1,1,1719,5,60,1,1,2,0,5,0,0,0,1,1.0,2.7,4.0,6.0,6.0,0.675
1,1.2,4312,3,1,1,132,3,30,1,1,1,5,5,0,0,0,1,1.0,3.0,5.0,6.0,5.0,0.6
1,1.2,4323,6,2,1,6787,5,30,1,1,3,0,5,0,0,0,3,1.0,3.5,5.0,7.0,7.0,0.7
1,1.2,4342,9,1,1,1518,4,30,1,5,0,0,5,0,0,0,5,1.0,3.7,4.0,2.0,2.0,0.925
1,1.2,4360,6,1,1,8820,6,30,1,5,0,0,5,0,0,0,1,1.0,2.9,4.0,2.0,2.0,0.725
1,1.2,4372,3,2,1,891,3,30,1,5,0,0,5,0,0,5,1,1.0,4.0,4.0,6.0,6.0,1.0
1,1.2,4718,3,1,1,1829,3,30,1,1,5,0,5,0,0,0,3,1.0,2.8,4.0,6.0,6.0,0.7
1,1.2,4783,3,2,1,1875,3,30,1,1,1,0,5,0,0,0,2,1.0,3.0,4.0,7.0,6.0,0.75
1,1.2,4839,5,2,1,1032,5,30,1,5,0,5,5,0,0,0,1,1.0,3.2,4.0,5.0,7.0,0.8
1,1.2,5014,43,1,2,6510,3,33,1,5,0,0,5,0,0,0,1,1.0,3.2,4.0,3.0,6.0,0.8
1,1.2,5014,44,2,2,6510,4,33,1,5,0,0,5,0,0,0,1,1.0,3.5,4.5,7.0,7.0,0.7777777777777778
1,1.2,5037,39,1,2,2320,3,30,1,5,0,5,5,0,0,0,1,1.0,3.2,4.0,6.0,6.0,0.8
1,1.2,5052,66,2,2,6492,2,30,1,5,0,0,5,0,0,0,1,1.0,2.7,4.0,2.0,2.0,0.675
1,1.2,5055,193,1,3,4015,3,30,1,5,0,0,5,0,0,0,2,1.0,3.2,5.0,6.0,6.0,0.64
1,1.2,5057,49,1,2,3168,2,30,1,5,0,0,5,0,0,0,1,1.0,3.0,4.0,2.0,7.0,0.75
1,1.2,5066,46,2,2,6400,2,30,1,5,0,0,5,0,5,0,1,1.0,2.6,4.0,7.0,7.0,0.65
1,1.2,5069,42,2,2,6436,4,30,1,5,0,0,5,0,0,0,2,1.0,2.3,4.0,6.0,6.0,0.575
1,1.2,5154,52,1,2,2158,5,30,1,5,0,0,5,0,0,0,1,1.0,1.0,5.0,8.0,2.0,0.2
1,1.2,5170,46,2,2,2028,3,35,1,1,1,0,1,5,0,1,1,1.0,3.7,5.0,6.0,6.0,0.74
1,1.2,5177,38,2,2,3024,3,30,1,5,0,5,5,0,0,0,1,1.0,2.5,4.0,4.0,4.0,0.625
1,1.2,5230,50,2,2,3781,3,30,1,5,0,0,5,0,0,0,3,1.0,4.5,4.5,6.0,6.0,1.0
1,1.2,5299,67,2,2,6362,4,60,1,5,0,0,5,0,0,0,5,1.0,3.2,4.0,6.0,6.0,0.8
1,1.2,5299,69,2,2,6032,2,30,1,5,0,0,5,0,0,0,3,1.0,4.0,4.0,7.0,7.0,1.0
1,1.2,5299,70,2,2,5782,2,30,1,1,2,0,5,0,0,0,2,1.0,3.9,4.0,6.0,6.0,0.975
1,1.2,5299,71,1,2,6277,3,35,1,5,0,0,5,0,0,0,2,1.0,3.8,5.0,6.0,6.0,0.76
1,1.2,5299,73,1,2,6594,3,30,1,5,0,5,5,0,0,0,1,1.0,3.3,4.0,6.0,6.0,0.825
1,1.2,5314,42,1,2,1573,3,33,1,5,0,5,5,0,0,0,1,1.0,0.8,6.0,6.0,6.0,0.13333333333333333
1,1.2,5314,44,1,2,1304,3,30,1,5,0,5,5,0,5,0,1,1.0,3.7,4.0,6.0,5.0,0.925
1,1.2,5363,36,2,2,1333,2,30,1,1,1,0,5,0,0,0,1,1.0,3.0,4.0,7.0,6.0,0.75
1,1.2,5393,40,1,2,3900,2,30,1,1,4,0,5,0,0,0,1,1.0,3.2,4.9,6.0,6.0,0.6530612244897959
1,1.2,5393,41,1,2,3900,3,30,1,1,4,0,5,0,0,0,1,1.0,1.0,4.0,2.0,2.0,0.25
1,1.2,5405,31,1,2,353,3,33,1,5,0,0,5,0,0,0,1,1.0,2.3,4.0,6.0,6.0,0.575
1,1.2,5405,32,2,2,353,4,33,1,5,0,0,5,0,0,0,1,1.0,2.0,4.0,7.0,2.0,0.5
1,1.2,5430,72,1,2,6830,3,30,1,1,6,5,1,1,5,0,5,1.0,2.98,4.0,2.0,2.0,0.745
1,1.2,5464,46,2,2,7873,3,33,1,1,5,0,1,5,5,0,1,1.0,3.11,4.0,6.0,6.0,0.7775
1,1.2,5493,45,2,2,7328,4,33,1,5,0,0,5,0,0,0,5,1.0,4.2,4.5,6.0,5.0,0.9333333333333333
1,1.2,5493,46,2,2,2442,2,30,1,5,0,0,1,1,0,0,1,1.0,5.0,6.0,6.0,6.0,0.8333333333333334
1,1.2,5499,200,1,3,4411,2,30,1,5,0,0,5,0,0,0,4,1.0,3.0,4.0,2.0,2.0,0.75
1,1.2,5526,51,2,2,3107,3,35,1,5,0,5,5,0,0,0,1,1.0,3.2,4.0,6.0,5.0,0.8
1,1.2,5526,52,2,2,7728,2,30,1,5,0,0,5,0,0,0,1,1.0,4.0,4.0,99.0,99.0,1.0
1,1.2,5570,56,1,2,3747,2,30,1,5,0,0,5,0,0,0,1,1.0,2.9,4.0,6.0,5.0,0.725
1,1.2,5570,57,1,2,3747,3,30,1,5,0,0,5,0,0,0,1,1.0,2.7,4.0,2.0,2.0,0.675
1,1.2,5570,58,2,2,3747,4,30,1,5,0,0,5,0,0,0,1,1.0,3.6,4.0,6.0,6.0,0.9
1,1.2,5608,174,2,3,2703,2,30,1,5,0,0,5,0,0,0,5,1.0,3.71,4.0,6.0,6.0,0.9275
1,1.2,5610,39,2,2,4819,2,30,1,5,0,0,5,0,0,0,1,1.0,3.5,4.2,3.0,3.0,0.8333333333333333
1,1.2,5614,41,1,2,7095,2,30,1,5,0,0,5,0,0,0,1,1.0,2.5,3.5,3.0,3.0,0.7142857142857143
1,1.2,5623,69,1,2,4653,3,33,1,1,6,0,5,0,1,0,1,1.0,3.2,4.5,6.0,6.0,0.7111111111111111
1,1.2,5623,75,2,2,2896,4,30,1,5,0,0,5,0,0,0,1,1.0,3.1,3.7,4.0,4.0,0.8378378378378378
1,1.2,5623,76,1,2,2399,3,60,1,5,0,0,5,0,5,0,1,1.0,2.6,3.9,4.0,6.0,0.6666666666666667
1,1.2,5628,46,2,2,5399,2,30,1,5,0,0,5,0,0,0,2,1.0,3.3,4.0,7.0,7.0,0.825
1,1.2,5628,47,1,2,5571,4,30,1,5,0,0,5,0,0,0,1,1.0,3.3,4.0,2.0,2.0,0.825
1,1.2,5628,195,1,3,3196,5,30,1,5,0,0,1,1,0,0,1,1.0,2.1,4.0,2.0,2.0,0.525
1,1.2,5655,46,1,2,58,4,30,1,5,0,0,5,0,0,0,1,1.0,4.39,4.5,6.0,6.0,0.9755555555555555
1,1.2,5676,39,2,2,7460,3,35,1,5,0,0,5,0,0,0,1,1.0,2.0,4.0,4.0,5.0,0.5
1,1.2,5683,49,1,2,1956,4,60,1,5,0,0,5,0,0,0,1,1.0,3.6,4.0,8.0,3.0,0.9
1,1.2,5684,49,1,2,6860,4,33,1,1,1,0,5,0,0,0,1,1.0,3.92,4.2,7.0,6.0,0.9333333333333332
1,1.2,5812,66,1,2,5788,3,60,1,5,0,0,5,0,0,5,5,1.0,3.1,4.0,3.0,6.0,0.775
1,1.2,5812,216,2,3,4601,5,30,1,5,0,0,5,0,0,5,1,1.0,3.0,4.0,6.0,6.0,0.75
1,1.2,5814,51,2,2,7169,3,30,1,1,3,0,5,0,5,0,1,1.0,4.2,4.2,7.0,6.0,1.0
1,1.2,5839,32,1,2,402,4,70,1,5,0,0,5,0,0,0,2,1.0,3.8,4.0,5.0,5.0,0.95
1,1.2,5858,42,1,2,5898,3,30,1,5,0,0,5,0,0,0,4,1.0,2.2,4.0,2.0,2.0,0.55
1,1.2,5863,47,2,2,4998,4,30,1,5,0,0,5,0,0,1,1,1.0,2.6,3.0,2.0,5.0,0.8666666666666667
1,1.2,5871,33,2,2,5685,2,30,1,5,0,0,1,5,0,0,1,1.0,2.9,4.0,6.0,7.0,0.725
1,1.2,5904,63,2,2,3519,4,33,1,5,0,0,5,0,0,0,1,1.0,3.1,4.0,6.0,7.0,0.775
1,1.2,5938,189,2,3,7971,2,30,1,1,2,0,1,5,0,0,1,1.0,3.2,4.0,4.0,99.0,0.8
1,1.2,5940,34,1,2,1799,2,30,1,5,0,0,1,1,0,0,1,1.0,3.5,4.5,3.0,3.0,0.7777777777777778
1,1.2,5995,50,2,2,3488,2,30,1,5,0,0,5,0,0,0,1,1.0,1.7,4.0,6.0,6.0,0.425
1,1.2,6028,58,2,2,6535,3,60,1,1,1,0,5,0,0,0,1,1.0,3.7,4.0,7.0,7.0,0.925
1,1.2,6030,42,2,2,4850,2,30,1,1,5,5,1,1,0,0,1,1.0,3.7,4.0,6.0,6.0,0.925
1,1.2,6030,44,1,2,6639,4,30,1,5,0,0,5,0,0,0,1,1.0,3.0,3.7,6.0,2.0,0.8108108108108107
1,1.2,6073,40,1,2,6716,2,30,1,5,0,0,5,0,0,0,4,1.0,3.5,5.0,6.0,6.0,0.7
1,1.2,6093,46,2,2,5592,5,33,1,1,5,0,5,0,5,0,1,1.0,3.2,4.0,6.0,6.0,0.8
1,1.2,6093,50,2,2,4857,2,30,1,5,0,0,5,0,0,0,2,1.0,3.0,4.0,2.0,2.0,0.75
1,1.2,6103,45,2,2,5612,2,30,1,1,2,0,5,0,0,0,1,1.0,4.12,5.0,6.0,6.0,0.8240000000000001
1,1.2,6107,54,2,2,2316,4,35,1,5,0,0,5,0,0,0,1,1.0,3.5,6.0,6.0,6.0,0.5833333333333334
1,1.2,6115,59,2,2,4860,3,33,1,1,6,0,1,1,0,0,2,1.0,3.5,4.0,6.0,6.0,0.875
1,1.2,6121,224,2,3,6966,3,30,1,1,2,5,5,0,0,0,1,1.0,4.0,4.0,2.0,2.0,1.0
1,1.2,6121,225,2,3,6966,4,30,1,1,2,0,5,0,5,5,1,1.0,3.5,4.0,5.0,6.0,0.875
1,1.2,6127,44,1,2,1605,2,30,1,5,0,0,5,0,0,0,1,1.0,3.1,4.0,6.0,6.0,0.775
1,1.2,6166,187,2,3,5470,2,30,1,5,0,0,1,5,0,0,1,1.0,2.7,4.0,3.0,3.0,0.675
1,1.2,6187,43,1,2,6909,3,30,1,1,5,0,1,1,5,0,1,1.0,3.4,4.0,7.0,6.0,0.85
1,1.2,6191,34,2,2,5539,3,30,1,1,1,5,5,0,0,0,1,1.0,3.43,5.0,7.0,7.0,0.686
1,1.2,6191,36,2,2,5051,2,30,1,1,4,0,1,1,0,0,1,1.0,3.98,4.5,6.0,6.0,0.8844444444444445
1,1.2,6191,37,1,2,5051,3,30,1,1,4,5,1,1,0,0,1,1.0,3.2,4.0,7.0,7.0,0.8
1,1.2,6205,47,2,2,6124,2,30,1,5,0,0,1,5,0,0,2,1.0,3.0,4.0,6.0,6.0,0.75
1,1.2,6212,45,2,2,5615,2,30,1,5,0,0,5,0,0,0,5,1.0,3.6,4.0,6.0,6.0,0.9
1,1.2,6212,186,1,3,7114,2,30,1,5,0,0,5,0,0,0,2,1.0,2.7,4.0,6.0,8.0,0.675
1,1.2,6229,35,1,2,130,2,30,1,5,0,0,5,0,0,0,1,1.0,3.4,4.0,5.0,5.0,0.85
1,1.2,6231,45,1,2,4541,2,30,1,1,1,0,5,0,0,0,1,1.0,2.5,4.0,6.0,5.0,0.625
1,1.2,6232,50,2,2,5004,5,30,1,5,0,0,5,0,0,0,1,1.0,2.0,3.0,6.0,6.0,0.6666666666666666
1,1.2,6262,41,1,2,4619,4,30,1,5,0,5,5,0,0,5,1,1.0,2.4,4.0,6.0,6.0,0.6
1,1.2,6368,37,2,2,2851,3,30,1,1,2,5,5,0,5,0,2,1.0,0.26,4.0,7.0,6.0,0.065
1,1.2,6368,193,1,3,4825,2,60,1,5,0,0,1,1,0,0,1,1.0,2.5,4.0,2.0,2.0,0.625
1,1.2,6370,47,1,2,5139,3,30,1,1,4,0,5,0,5,1,2,1.0,3.0,4.0,6.0,7.0,0.75
1,1.2,6381,45,2,2,3257,3,30,1,5,0,0,5,0,0,0,1,1.0,3.2,4.0,7.0,7.0,0.8
1,1.2,6418,38,1,2,3491,3,30,1,5,0,0,5,0,0,0,1,1.0,3.6,5.0,2.0,3.0,0.72
1,1.2,6436,55,2,2,2168,3,60,1,5,0,0,5,0,0,0,1,1.0,3.2,4.0,2.0,2.0,0.8
1,1.2,6438,177,1,3,1172,4,30,1,1,3,5,1,5,5,0,2,1.0,3.0,4.0,6.0,6.0,0.75
1,1.2,6485,46,1,2,6589,3,30,1,5,0,0,5,0,0,0,1,1.0,3.7,4.0,6.0,6.0,0.925
1,1.2,6499,40,1,2,1779,4,30,1,5,0,5,1,1,0,0,1,1.0,3.8,4.0,6.0,6.0,0.95
1,1.2,6547,34,2,2,6686,3,33,1,5,0,0,1,5,0,0,3,1.0,2.8,4.0,6.0,6.0,0.7
1,1.2,6549,32,1,2,1865,3,30,1,5,0,0,5,0,0,0,1,1.0,3.9,4.6,6.0,6.0,0.8478260869565218
1,1.2,6560,35,2,2,6826,4,33,1,1,6,0,1,1,5,0,2,1.0,3.2,4.0,7.0,7.0,0.8
1,1.2,6571,42,1,2,6256,3,30,1,5,0,0,5,0,0,0,1,1.0,2.7,4.0,3.0,2.0,0.675
1,1.2,6577,45,2,2,5867,4,30,1,1,1,0,5,0,0,0,1,1.0,3.5,4.5,6.0,6.0,0.7777777777777778
1,1.2,6590,53,2,2,7151,2,30,1,5,0,0,5,0,0,0,1,1.0,3.0,4.0,3.0,3.0,0.75
1,1.2,6635,61,1,2,4111,2,60,1,1,5,5,1,1,0,0,1,1.0,3.0,3.4,6.0,3.0,0.8823529411764706
1,1.2,6655,186,2,3,4515,2,30,1,5,0,0,1,1,0,0,1,1.0,3.0,4.0,5.0,2.0,0.75
1,1.2,6674,36,2,2,4451,4,30,1,1,2,0,1,5,0,0,1,1.0,3.9,5.0,6.0,6.0,0.78
1,1.2,6682,37,1,2,5768,3,30,1,5,0,0,5,0,0,0,1,1.0,3.0,4.0,4.0,2.0,0.75
1,1.2,6682,39,2,2,5768,4,30,1,5,0,0,5,0,0,0,1,1.0,2.7,4.0,5.0,6.0,0.675
1,1.2,6707,36,1,2,5210,3,30,1,5,0,0,5,0,0,0,2,1.0,3.0,4.0,6.0,7.0,0.75
1,1.2,6736,41,2,2,3466,3,30,1,5,0,0,5,0,0,0,2,1.0,2.8,4.0,7.0,5.0,0.7
1,1.2,6785,42,1,2,4103,4,30,1,5,0,0,5,0,0,0,4,1.0,3.0,4.0,3.0,3.0,0.75
1,1.2,6785,44,1,2,6539,4,60,1,5,0,5,5,0,0,0,2,1.0,3.0,4.0,6.0,6.0,0.75
1,1.2,6798,42,1,2,3073,4,30,1,1,1,0,5,0,0,0,1,1.0,3.8,4.5,6.0,6.0,0.8444444444444444
1,1.2,6800,39,1,2,4560,3,35,1,5,0,0,5,0,0,0,1,1.0,3.7,4.0,6.0,6.0,0.925
1,1.2,6826,34,1,2,2785,2,30,1,5,0,0,5,0,0,0,2,1.0,2.6,3.2,6.0,6.0,0.8125
1,1.2,6839,194,2,3,3379,4,30,1,5,0,0,5,0,0,0,1,1.0,2.7,4.0,6.0,6.0,0.675
1,1.2,6841,33,2,2,2336,5,30,1,5,0,0,1,1,5,0,1,1.0,4.0,4.0,7.0,6.0,1.0
1,1.2,6872,35,1,2,5084,3,30,1,5,0,0,5,0,0,0,1,1.0,3.5,4.0,7.0,6.0,0.875
