year,sex,music_lessons,music_participation,instrument_home,instrument_frequency,electronics_music,arts_tutoring,arts_community,arts_religious,gpa_norm
2014,2,5.0,0.0,5.0,0.0,2.0,0.0,0.0,0.0,0.4166666666666667
2014,2,5.0,0.0,1.0,1.0,2.0,0.0,0.0,0.0,0.9375
2014,2,1.0,1.0,1.0,3.0,1.0,0.0,0.0,0.0,0.95
2014,2,5.0,0.0,5.0,0.0,1.0,0.0,5.0,5.0,0.7
2014,2,1.0,1.0,1.0,6.0,1.0,0.0,1.0,0.0,1.0
2014,1,5.0,0.0,1.0,1.0,1.0,5.0,0.0,0.0,0.75
2014,2,5.0,0.0,1.0,1.0,2.0,5.0,0.0,5.0,0.8
2014,2,1.0,5.0,1.0,3.0,2.0,0.0,5.0,1.0,0.9028960817717205
2014,1,5.0,0.0,1.0,1.0,1.0,5.0,5.0,0.0,1.0
2014,2,5.0,0.0,5.0,0.0,4.0,0.0,0.0,1.0,0.96
2014,1,5.0,0.0,5.0,0.0,1.0,5.0,5.0,0.0,0.5
2014,2,5.0,0.0,1.0,6.0,1.0,0.0,0.0,0.0,0.95
2014,2,1.0,1.0,1.0,5.0,1.0,0.0,5.0,0.0,1.0
2014,2,5.0,0.0,1.0,2.0,1.0,0.0,0.0,0.0,0.875
2014,1,5.0,0.0,5.0,0.0,1.0,0.0,0.0,0.0,0.8925
2014,1,5.0,0.0,5.0,0.0,1.0,0.0,0.0,0.0,0.75
2014,1,5.0,0.0,5.0,0.0,1.0,0.0,0.0,5.0,0.95
2014,2,1.0,1.0,1.0,4.0,2.0,0.0,5.0,0.0,1.0
2014,1,1.0,1.0,1.0,6.0,2.0,0.0,0.0,0.0,0.65
2014,1,5.0,0.0,1.0,1.0,1.0,0.0,0.0,0.0,0.95
2014,2,1.0,1.0,1.0,5.0,2.0,0.0,0.0,0.0,0.975
2014,1,5.0,0.0,5.0,0.0,1.0,0.0,1.0,0.0,0.9
2014,2,5.0,0.0,5.0,0.0,1.0,0.0,0.0,0.0,0.5
2014,2,1.0,5.0,1.0,1.0,2.0,5.0,0.0,0.0,1.0
2014,1,5.0,0.0,5.0,0.0,2.0,0.0,5.0,5.0,0.74
2014,2,5.0,0.0,1.0,1.0,2.0,0.0,0.0,0.0,0.9586206896551724
2014,1,5.0,0.0,1.0,1.0,1.0,0.0,0.0,5.0,0.75
2014,1,5.0,0.0,1.0,1.0,1.0,5.0,5.0,0.0,0.6
2014,1,5.0,0.0,5.0,0.0,4.0,0.0,0.0,0.0,0.75
2014,2,1.0,1.0,1.0,5.0,3.0,0.0,5.0,0.0,0.95
2014,2,5.0,0.0,1.0,1.0,3.0,0.0,0.0,0.0,0.975
2014,1,5.0,0.0,5.0,0.0,4.0,0.0,0.0,0.0,1.0
2014,2,5.0,0.0,5.0,0.0,1.0,0.0,0.0,0.0,0.7142857142857143
2014,2,1.0,1.0,1.0,6.0,1.0,0.0,0.0,0.0,0.9
2014,1,5.0,0.0,1.0,1.0,1.0,0.0,0.0,0.0,0.542
2014,2,5.0,0.0,1.0,1.0,1.0,5.0,0.0,0.0,0.5833333333333334
2014,1,5.0,0.0,5.0,0.0,1.0,0.0,0.0,0.0,0.95
2014,1,1.0,5.0,1.0,5.0,3.0,0.0,0.0,5.0,0.9
2014,1,5.0,0.0,1.0,2.0,1.0,0.0,0.0,5.0,0.725
2014,1,5.0,0.0,1.0,1.0,1.0,0.0,0.0,0.0,0.75
2014,2,1.0,1.0,1.0,2.0,1.0,0.0,5.0,0.0,1.0
2014,1,5.0,0.0,5.0,0.0,2.0,5.0,5.0,0.0,0.85
2014,1,5.0,0.0,5.0,0.0,5.0,0.0,5.0,0.0,0.875
2014,2,5.0,0.0,1.0,2.0,1.0,0.0,0.0,0.0,0.76
2014,2,1.0,1.0,5.0,0.0,2.0,0.0,0.0,0.0,0.65
2014,2,5.0,0.0,1.0,1.0,1.0,0.0,0.0,5.0,0.85
2014,1,5.0,0.0,1.0,1.0,1.0,0.0,5.0,5.0,0.7916666666666666
2014,1,5.0,0.0,1.0,1.0,1.0,0.0,5.0,5.0,0.8
2014,1,5.0,0.0,5.0,0.0,2.0,0.0,0.0,0.0,0.675
2014,1,5.0,0.0,5.0,0.0,1.0,0.0,0.0,0.0,0.84
2014,1,1.0,1.0,1.0,6.0,2.0,0.0,5.0,5.0,0.6666666666666666
2014,1,1.0,1.0,1.0,1.0,4.0,0.0,5.0,0.0,0.5869565217391305
2014,2,5.0,0.0,5.0,0.0,1.0,0.0,5.0,0.0,0.673076923076923
2014,1,5.0,0.0,5.0,0.0,1.0,0.0,0.0,0.0,0.85
2014,2,5.0,0.0,1.0,1.0,1.0,0.0,0.0,0.0,0.85
2014,1,5.0,0.0,5.0,0.0,1.0,0.0,0.0,0.0,0.75
2014,1,5.0,0.0,1.0,5.0,1.0,0.0,5.0,0.0,0.95
2014,2,5.0,0.0,1.0,4.0,1.0,0.0,0.0,0.0,0.925
2014,2,5.0,0.0,5.0,0.0,1.0,0.0,5.0,5.0,0.8625
2014,2,,,,,,,,,0.715
2014,2,1.0,5.0,5.0,0.0,1.0,0.0,5.0,0.0,0.7175
2014,1,5.0,0.0,5.0,0.0,1.0,5.0,5.0,0.0,0.75
2014,2,1.0,5.0,5.0,0.0,1.0,0.0,5.0,0.0,0.7446808510638298
2014,2,5.0,0.0,1.0,4.0,2.0,0.0,0.0,0.0,1.0
2014,1,5.0,0.0,1.0,1.0,1.0,0.0,5.0,0.0,0.825
2014,2,5.0,0.0,1.0,2.0,1.0,0.0,0.0,0.0,0.85
2014,1,5.0,0.0,5.0,0.0,1.0,0.0,5.0,0.0,0.8925
2014,2,1.0,1.0,1.0,1.0,1.0,0.0,0.0,0.0,0.7
2014,1,5.0,0.0,5.0,0.0,2.0,0.0,5.0,0.0,0.62
2014,1,5.0,0.0,5.0,0.0,1.0,0.0,5.0,5.0,0.725
2014,2,5.0,0.0,5.0,0.0,4.0,0.0,0.0,0.0,0.7
2014,1,5.0,0.0,1.0,5.0,2.0,0.0,5.0,0.0,0.25
2014,1,5.0,0.0,5.0,0.0,1.0,0.0,0.0,0.0,1.0
2014,2,5.0,0.0,5.0,0.0,2.0,0.0,5.0,5.0,0.8297872340425532
2014,1,1.0,1.0,1.0,6.0,1.0,0.0,0.0,0.0,0.8
2014,2,5.0,0.0,1.0,1.0,1.0,0.0,5.0,5.0,0.75
2014,2,5.0,0.0,1.0,1.0,2.0,0.0,5.0,0.0,0.6458333333333334
2014,1,5.0,0.0,5.0,0.0,2.0,0.0,0.0,0.0,0.85
2014,2,1.0,1.0,1.0,5.0,4.0,0.0,1.0,5.0,1.0
2014,2,5.0,0.0,1.0,1.0,2.0,0.0,0.0,0.0,0.825
2014,1,5.0,0.0,1.0,1.0,1.0,5.0,5.0,5.0,0.911111111111111
2014,2,5.0,0.0,5.0,0.0,2.0,0.0,0.0,0.0,0.675
2014,2,5.0,0.0,5.0,0.0,1.0,0.0,5.0,0.0,0.85
2014,1,5.0,0.0,5.0,0.0,1.0,0.0,0.0,0.0,0.911764705882353
2014,2,1.0,1.0,1.0,6.0,2.0,0.0,0.0,5.0,1.0
2014,1,5.0,0.0,1.0,2.0,1.0,0.0,5.0,0.0,1.0
2014,1,5.0,0.0,5.0,0.0,1.0,0.0,0.0,0.0,0.45
2014,2,5.0,0.0,1.0,2.0,1.0,0.0,0.0,0.0,0.7
2014,2,1.0,1.0,1.0,1.0,2.0,0.0,5.0,0.0,0.872093023255814
2014,2,5.0,0.0,1.0,5.0,1.0,0.0,5.0,5.0,1.0
2014,2,5.0,0.0,5.0,0.0,2.0,0.0,5.0,5.0,1.0
2014,1,5.0,0.0,1.0,1.0,1.0,5.0,0.0,0.0,0.5813953488372093
2014,1,5.0,0.0,1.0,1.0,1.0,0.0,0.0,5.0,0.675
2014,1,5.0,0.0,1.0,1.0,1.0,0.0,0.0,0.0,0.78
2014,2,1.0,1.0,1.0,1.0,1.0,0.0,0.0,0.0,0.95
2014,2,5.0,0.0,5.0,0.0,2.0,0.0,0.0,0.0,0.976190476190476
2014,2,1.0,1.0,1.0,3.0,1.0,0.0,0.0,0.0,0.75
2014,1,5.0,0.0,1.0,1.0,2.0,0.0,0.0,0.0,1.0
2014,2,5.0,0.0,5.0,0.0,1.0,0.0,5.0,5.0,0.8
2014,1,5.0,0.0,5.0,0.0,1.0,5.0,0.0,0.0,0.8355555555555555
2014,1,5.0,0.0,5.0,0.0,1.0,0.0,0.0,0.0,1.0
2014,1,5.0,0.0,5.0,0.0,2.0,0.0,0.0,0.0,0.7000000000000001
2014,2,1.0,1.0,1.0,3.0,2.0,5.0,5.0,1.0,0.6444444444444444
2014,1,5.0,0.0,5.0,0.0,1.0,0.0,0.0,0.0,0.9275
2014,1,5.0,0.0,1.0,6.0,1.0,0.0,0.0,5.0,0.9375
2014,2,1.0,1.0,5.0,0.0,2.0,0.0,0.0,0.0,1.0
2014,1,5.0,0.0,5.0,0.0,2.0,5.0,5.0,0.0,0.7
2014,2,5.0,0.0,1.0,4.0,1.0,0.0,0.0,5.0,0.925
2014,1,5.0,0.0,1.0,6.0,1.0,0.0,1.0,5.0,0.995
2014,2,1.0,5.0,1.0,6.0,1.0,0.0,5.0,1.0,0.8837209302325582
2014,1,5.0,0.0,1.0,2.0,1.0,0.0,0.0,0.0,0.735
2014,1,5.0,0.0,5.0,0.0,1.0,0.0,0.0,0.0,1.0
2014,1,5.0,0.0,5.0,0.0,1.0,0.0,0.0,0.0,0.6875
2014,2,5.0,0.0,1.0,6.0,1.0,0.0,5.0,0.0,0.74
2014,1,5.0,0.0,1.0,1.0,1.0,0.0,0.0,0.0,0.975
2014,1,5.0,0.0,5.0,0.0,1.0,0.0,0.0,0.0,0.7380952380952381
2014,1,5.0,0.0,5.0,0.0,1.0,0.0,0.0,0.0,0.6444444444444444
2014,1,5.0,0.0,1.0,1.0,1.0,5.0,0.0,0.0,0.7674418604651163
2014,2,5.0,0.0,5.0,0.0,1.0,0.0,5.0,0.0,0.8
2014,2,5.0,0.0,5.0,0.0,1.0,0.0,5.0,0.0,0.875
2014,2,5.0,0.0,1.0,1.0,4.0,0.0,0.0,0.0,0.825
2014,1,5.0,0.0,1.0,2.0,1.0,0.0,5.0,5.0,0.906
2014,2,5.0,0.0,5.0,0.0,2.0,0.0,0.0,0.0,0.875
2014,1,5.0,0.0,5.0,0.0,1.0,0.0,0.0,5.0,0.95
2014,2,5.0,0.0,5.0,0.0,2.0,0.0,0.0,0.0,0.65
2014,1,1.0,1.0,1.0,6.0,2.0,5.0,5.0,5.0,0.85
2014,1,1.0,1.0,1.0,6.0,2.0,0.0,5.0,5.0,0.915
2014,1,5.0,0.0,5.0,0.0,1.0,0.0,0.0,0.0,0.7
2014,2,5.0,0.0,5.0,0.0,1.0,0.0,5.0,0.0,0.975
2014,2,5.0,0.0,5.0,0.0,4.0,0.0,0.0,0.0,0.7
2014,2,1.0,1.0,1.0,6.0,1.0,0.0,5.0,0.0,0.95
2014,2,5.0,0.0,1.0,2.0,1.0,0.0,5.0,0.0,0.9333333333333332
2014,2,5.0,0.0,1.0,2.0,1.0,0.0,5.0,5.0,0.8
2014,1,5.0,0.0,1.0,3.0,2.0,0.0,5.0,0.0,0.6666666666666666
2014,1,5.0,0.0,1.0,1.0,2.0,5.0,0.0,0.0,1.0
2014,1,5.0,0.0,1.0,1.0,2.0,0.0,5.0,5.0,0.875
2014,1,1.0,1.0,1.0,3.0,1.0,0.0,0.0,5.0,0.715
2014,1,5.0,0.0,8.0,0.0,1.0,0.0,0.0,0.0,0.725
2014,1,5.0,0.0,8.0,0.0,1.0,0.0,0.0,0.0,0.75
2014,1,5.0,0.0,5.0,0.0,1.0,0.0,0.0,0.0,0.965
2014,1,5.0,0.0,5.0,0.0,1.0,0.0,0.0,0.0,0.5
2014,2,5.0,0.0,5.0,0.0,1.0,0.0,0.0,1.0,0.8175
2014,1,5.0,0.0,1.0,3.0,1.0,0.0,0.0,0.0,0.9375
2014,2,5.0,0.0,5.0,0.0,1.0,0.0,0.0,0.0,0.6333333333333333
2014,2,5.0,0.0,1.0,6.0,1.0,0.0,0.0,0.0,0.75
2014,2,5.0,0.0,5.0,0.0,1.0,0.0,0.0,0.0,0.7
2014,1,5.0,0.0,5.0,0.0,1.0,0.0,0.0,0.0,0.6925
2014,2,1.0,5.0,5.0,0.0,1.0,0.0,5.0,0.0,0.89
2014,2,5.0,0.0,1.0,2.0,1.0,0.0,5.0,5.0,0.875
2014,2,1.0,1.0,1.0,6.0,1.0,5.0,5.0,5.0,0.675
2014,2,1.0,1.0,1.0,6.0,1.0,5.0,0.0,5.0,0.8
2014,2,1.0,5.0,1.0,2.0,1.0,5.0,5.0,0.0,0.9
2014,1,5.0,0.0,1.0,1.0,1.0,0.0,0.0,0.0,0.75
2014,2,5.0,0.0,5.0,0.0,1.0,0.0,0.0,0.0,0.6166666666666667
2014,2,5.0,0.0,1.0,1.0,1.0,0.0,0.0,0.0,0.925
2014,2,5.0,0.0,1.0,2.0,1.0,0.0,5.0,0.0,0.75
2014,1,5.0,0.0,1.0,1.0,1.0,5.0,5.0,0.0,0.6666666666666666
2014,1,5.0,0.0,5.0,0.0,1.0,0.0,0.0,0.0,0.686
2014,1,5.0,0.0,1.0,3.0,1.0,0.0,0.0,0.0,0.7954545454545454
2014,2,1.0,1.0,1.0,6.0,1.0,0.0,0.0,0.0,0.8975
2014,2,5.0,0.0,5.0,0.0,2.0,0.0,0.0,0.0,0.75
2014,2,5.0,0.0,1.0,5.0,2.0,0.0,0.0,0.0,0.8
2014,2,1.0,5.0,1.0,5.0,1.0,5.0,0.0,5.0,0.825
2014,1,5.0,0.0,1.0,1.0,1.0,0.0,0.0,0.0,0.625
2014,1,5.0,0.0,1.0,1.0,1.0,0.0,5.0,5.0,0.6363636363636362
2014,1,5.0,0.0,1.0,1.0,1.0,0.0,0.0,0.0,0.75
2014,1,1.0,5.0,5.0,0.0,1.0,0.0,0.0,0.0,0.775
2014,2,5.0,0.0,5.0,0.0,1.0,0.0,5.0,0.0,0.875
2014,1,5.0,0.0,5.0,0.0,2.0,5.0,0.0,0.0,0.775
2014,1,5.0,0.0,1.0,6.0,1.0,5.0,5.0,0.0,1.0
2014,1,1.0,1.0,1.0,2.0,2.0,0.0,0.0,0.0,0.45
2014,2,1.0,5.0,5.0,0.0,2.0,0.0,5.0,0.0,0.8644444444444445
2014,2,1.0,5.0,1.0,1.0,1.0,0.0,5.0,0.0,0.9
2014,2,5.0,0.0,1.0,1.0,1.0,0.0,0.0,0.0,0.85
2014,1,5.0,0.0,1.0,1.0,2.0,0.0,0.0,0.0,0.91
2014,1,1.0,1.0,1.0,6.0,5.0,0.0,0.0,5.0,0.675
2014,1,5.0,0.0,5.0,0.0,1.0,5.0,0.0,0.0,0.85
2014,2,5.0,0.0,5.0,0.0,1.0,0.0,5.0,0.0,0.725
2014,2,5.0,0.0,5.0,0.0,1.0,0.0,0.0,0.0,1.0
2014,1,5.0,0.0,1.0,2.0,1.0,0.0,5.0,0.0,0.8
2014,1,5.0,0.0,5.0,0.0,2.0,5.0,0.0,0.0,0.35
2014,2,1.0,5.0,1.0,3.0,1.0,0.0,5.0,0.0,0.75
2014,2,5.0,0.0,5.0,0.0,1.0,0.0,0.0,0.0,0.8125
2014,2,5.0,0.0,5.0,0.0,2.0,0.0,5.0,5.0,0.525
2014,2,1.0,5.0,1.0,2.0,2.0,0.0,0.0,5.0,1.0
2014,1,5.0,0.0,5.0,0.0,1.0,0.0,0.0,0.0,0.9
2014,2,5.0,0.0,1.0,1.0,1.0,0.0,5.0,5.0,0.875
2014,1,5.0,0.0,1.0,1.0,1.0,0.0,5.0,0.0,0.925
2014,1,1.0,5.0,1.0,2.0,3.0,0.0,5.0,5.0,0.825
2014,1,1.0,1.0,5.0,0.0,1.0,0.0,0.0,0.0,0.875
2014,1,5.0,0.0,1.0,3.0,2.0,0.0,0.0,5.0,0.965
2014,2,5.0,0.0,5.0,0.0,1.0,0.0,0.0,0.0,0.875
2014,1,5.0,0.0,1.0,1.0,3.0,5.0,5.0,0.0,0.7187499999999999
2014,2,5.0,0.0,1.0,1.0,1.0,5.0,0.0,5.0,0.6222222222222222
2014,2,5.0,0.0,5.0,0.0,1.0,0.0,0.0,0.0,0.775
2014,2,5.0,0.0,1.0,1.0,1.0,0.0,5.0,0.0,0.825
2014,1,5.0,0.0,1.0,1.0,2.0,0.0,5.0,5.0,0.975
2014,1,5.0,0.0,1.0,6.0,1.0,0.0,5.0,5.0,0.95
2014,1,5.0,0.0,1.0,3.0,1.0,0.0,0.0,0.0,0.9
2014,2,1.0,1.0,1.0,3.0,2.0,0.0,0.0,0.0,1.0
2014,1,5.0,0.0,5.0,0.0,1.0,0.0,5.0,0.0,0.8220000000000001
2014,1,5.0,0.0,1.0,1.0,1.0,0.0,0.0,0.0,0.75
2014,1,5.0,0.0,5.0,0.0,1.0,5.0,0.0,0.0,0.7111111111111111
2014,1,5.0,0.0,5.0,0.0,0.0,0.0,0.0,0.0,0.575
2014,2,5.0,0.0,5.0,0.0,4.0,0.0,0.0,0.0,1.0
2014,1,5.0,0.0,5.0,0.0,1.0,5.0,0.0,5.0,0.85
2014,2,5.0,0.0,5.0,0.0,1.0,0.0,0.0,5.0,0.9
2014,2,5.0,0.0,5.0,0.0,5.0,0.0,0.0,5.0,0.75
2014,2,1.0,1.0,1.0,6.0,1.0,0.0,5.0,5.0,0.813953488372093
2014,2,1.0,1.0,1.0,2.0,1.0,0.0,0.0,5.0,0.96
2014,1,5.0,0.0,5.0,0.0,1.0,0.0,0.0,0.0,0.7666666666666666
2014,1,5.0,0.0,5.0,0.0,1.0,0.0,0.0,0.0,1.15
2014,1,5.0,0.0,5.0,0.0,5.0,5.0,0.0,5.0,0.5
2014,2,5.0,0.0,1.0,2.0,1.0,0.0,5.0,5.0,0.995
2014,2,1.0,1.0,1.0,5.0,1.0,0.0,5.0,5.0,0.95
2014,1,5.0,0.0,5.0,0.0,1.0,0.0,0.0,0.0,0.35
2014,1,5.0,0.0,1.0,1.0,1.0,0.0,0.0,5.0,0.6
2014,1,1.0,1.0,1.0,1.0,1.0,0.0,0.0,0.0,0.8705882352941177
2014,2,1.0,5.0,1.0,2.0,1.0,5.0,5.0,5.0,0.8
2014,1,5.0,0.0,5.0,0.0,2.0,5.0,0.0,0.0,0.98
2014,1,5.0,0.0,5.0,0.0,5.0,0.0,0.0,0.0,0.5
2014,2,5.0,0.0,5.0,0.0,1.0,5.0,0.0,0.0,0.7555555555555555
2014,1,1.0,1.0,1.0,6.0,1.0,5.0,0.0,1.0,0.7
2014,1,5.0,0.0,5.0,0.0,2.0,0.0,0.0,0.0,0.9604651162790698
2014,2,5.0,0.0,1.0,3.0,2.0,5.0,5.0,5.0,0.855
2014,1,1.0,1.0,5.0,0.0,1.0,0.0,0.0,0.0,0.7875
2014,2,5.0,0.0,1.0,2.0,2.0,0.0,0.0,0.0,0.835
2014,2,1.0,5.0,1.0,5.0,1.0,0.0,0.0,0.0,0.52
2014,1,5.0,0.0,5.0,0.0,2.0,0.0,0.0,0.0,0.85
2014,1,5.0,0.0,5.0,0.0,4.0,0.0,5.0,1.0,0.75
2014,2,5.0,0.0,5.0,0.0,1.0,0.0,5.0,0.0,0.625
2014,2,5.0,0.0,1.0,5.0,3.0,0.0,5.0,5.0,0.85
2014,1,5.0,0.0,5.0,0.0,1.0,0.0,5.0,0.0,0.64
2014,1,8.0,0.0,5.0,0.0,1.0,0.0,0.0,0.0,0.9
2014,1,1.0,1.0,1.0,5.0,2.0,0.0,0.0,0.0,0.945
2014,1,5.0,0.0,5.0,0.0,2.0,5.0,0.0,0.0,0.6225
2014,2,5.0,0.0,5.0,0.0,2.0,0.0,0.0,0.0,0.9
2014,2,5.0,0.0,5.0,0.0,2.0,0.0,0.0,5.0,0.785
2014,1,5.0,0.0,5.0,0.0,2.0,0.0,0.0,0.0,0.5952380952380952
2014,2,5.0,0.0,5.0,0.0,4.0,0.0,0.0,0.0,0.5
2014,2,5.0,0.0,1.0,5.0,1.0,0.0,0.0,0.0,0.8125
2014,1,5.0,0.0,1.0,1.0,1.0,0.0,5.0,0.0,0.85
2014,1,5.0,0.0,1.0,2.0,1.0,0.0,5.0,0.0,0.95
2014,2,1.0,1.0,1.0,6.0,3.0,0.0,0.0,0.0,0.8
2014,1,5.0,0.0,1.0,5.0,1.0,0.0,5.0,0.0,0.82
2014,1,5.0,0.0,5.0,0.0,1.0,0.0,0.0,0.0,0.75
2014,2,5.0,0.0,5.0,0.0,1.0,0.0,0.0,0.0,0.9575
2014,2,1.0,1.0,5.0,0.0,4.0,5.0,5.0,5.0,0.78
2014,2,1.0,1.0,1.0,2.0,1.0,0.0,5.0,0.0,0.9523809523809523
2014,1,5.0,0.0,5.0,0.0,2.0,0.0,0.0,0.0,0.725
2014,2,5.0,0.0,1.0,4.0,5.0,0.0,0.0,0.0,0.875
2014,2,1.0,5.0,5.0,0.0,2.0,1.0,0.0,0.0,0.875
2014,2,5.0,0.0,5.0,0.0,1.0,0.0,0.0,0.0,0.7954545454545454
2014,2,1.0,1.0,1.0,3.0,2.0,0.0,1.0,0.0,0.725
2014,1,5.0,0.0,5.0,0.0,1.0,5.0,5.0,0.0,0.76
2014,2,1.0,5.0,5.0,0.0,1.0,5.0,5.0,0.0,0.6666666666666666
2014,1,1.0,1.0,1.0,2.0,1.0,0.0,0.0,0.0,0.7159904534606205
2014,1,5.0,0.0,5.0,0.0,1.0,5.0,0.0,0.0,0.7000000000000001
2014,2,5.0,0.0,5.0,0.0,2.0,0.0,0.0,0.0,0.7
2014,1,5.0,0.0,5.0,0.0,3.0,0.0,0.0,0.0,0.6675
2014,2,1.0,5.0,1.0,6.0,1.0,0.0,0.0,0.0,0.825
2014,1,5.0,0.0,5.0,0.0,1.0,0.0,0.0,0.0,0.9
2014,1,5.0,0.0,1.0,6.0,1.0,0.0,0.0,0.0,0.5
2014,2,1.0,5.0,5.0,0.0,2.0,0.0,0.0,0.0,0.875
2014,1,5.0,0.0,5.0,0.0,1.0,0.0,0.0,0.0,0.725
2014,2,1.0,5.0,1.0,6.0,2.0,0.0,0.0,0.0,0.925
2014,1,5.0,0.0,1.0,1.0,2.0,5.0,0.0,0.0,0.7894736842105263
2014,1,1.0,1.0,1.0,1.0,2.0,5.0,0.0,0.0,0.725
2014,1,5.0,0.0,5.0,0.0,1.0,0.0,0.0,0.0,0.45
2014,1,5.0,0.0,5.0,0.0,2.0,0.0,0.0,0.0,0.505
2014,1,5.0,0.0,5.0,0.0,1.0,0.0,0.0,0.0,0.86
2014,1,1.0,1.0,1.0,1.0,3.0,0.0,0.0,0.0,0.9767441860465117
2014,2,5.0,0.0,5.0,0.0,1.0,5.0,0.0,0.0,0.725
2014,2,1.0,5.0,1.0,2.0,2.0,0.0,0.0,5.0,0.775
2014,1,5.0,0.0,1.0,1.0,2.0,0.0,0.0,0.0,0.7
2014,2,1.0,5.0,5.0,0.0,2.0,0.0,5.0,5.0,0.75
2014,2,5.0,0.0,5.0,0.0,1.0,0.0,0.0,0.0,0.675
2014,1,5.0,0.0,5.0,0.0,1.0,0.0,5.0,0.0,0.9075
2014,1,5.0,0.0,5.0,0.0,1.0,5.0,5.0,0.0,0.875
2014,2,1.0,1.0,1.0,5.0,2.0,0.0,0.0,0.0,0.8837209302325582
2014,1,5.0,0.0,5.0,0.0,2.0,5.0,0.0,0.0,0.85
2014,1,1.0,1.0,1.0,1.0,4.0,0.0,0.0,1.0,0.875
2014,2,5.0,0.0,5.0,0.0,1.0,0.0,0.0,5.0,0.5575
2014,2,5.0,0.0,5.0,0.0,2.0,0.0,0.0,0.0,0.7666666666666666
2014,2,5.0,0.0,5.0,0.0,1.0,0.0,0.0,0.0,0.775
2014,1,5.0,0.0,5.0,0.0,2.0,0.0,0.0,0.0,0.9575
2014,1,5.0,0.0,5.0,0.0,1.0,0.0,0.0,1.0,0.675
2014,2,5.0,0.0,1.0,5.0,2.0,0.0,0.0,0.0,0.8
2014,1,5.0,0.0,5.0,0.0,1.0,5.0,5.0,0.0,0.6675
2014,1,1.0,1.0,1.0,5.0,2.0,0.0,5.0,0.0,0.675
2014,1,5.0,0.0,5.0,0.0,1.0,0.0,0.0,0.0,0.725
2014,2,5.0,0.0,5.0,0.0,1.0,0.0,0.0,0.0,0.62
2014,2,5.0,0.0,5.0,0.0,1.0,0.0,0.0,0.0,0.925
2014,2,1.0,1.0,1.0,4.0,1.0,0.0,0.0,0.0,0.725
2014,1,5.0,0.0,5.0,0.0,1.0,0.0,0.0,0.0,0.64
2014,1,5.0,0.0,5.0,0.0,2.0,0.0,5.0,0.0,0.625
2014,1,5.0,0.0,5.0,0.0,1.0,0.0,0.0,0.0,0.75
2014,1,5.0,0.0,5.0,0.0,1.0,0.0,0.0,0.0,0.725
2014,2,5.0,0.0,5.0,0.0,1.0,0.0,0.0,0.0,0.5454545454545454
2014,2,5.0,0.0,5.0,0.0,1.0,5.0,0.0,0.0,0.65
2014,1,5.0,0.0,5.0,0.0,0.0,5.0,0.0,5.0,0.9333333333333332
2014,2,5.0,0.0,5.0,0.0,0.0,0.0,0.0,0.0,0.225
2014,2,1.0,5.0,5.0,0.0,1.0,0.0,0.0,0.0,0.8292682926829269
2014,2,1.0,5.0,1.0,1.0,1.0,0.0,5.0,0.0,0.75
2014,1,5.0,0.0,1.0,1.0,3.0,0.0,5.0,5.0,0.9
2014,2,5.0,0.0,1.0,4.0,3.0,0.0,5.0,0.0,0.75
2014,1,5.0,0.0,1.0,1.0,1.0,0.0,0.0,5.0,0.64
2014,2,5.0,0.0,1.0,1.0,1.0,5.0,5.0,1.0,0.7777777777777778
2014,2,5.0,0.0,5.0,0.0,2.0,0.0,0.0,0.0,0.775
2014,2,1.0,5.0,5.0,0.0,1.0,5.0,5.0,0.0,0.6
2014,2,5.0,0.0,5.0,0.0,1.0,0.0,0.0,0.0,0.9214285714285714
2014,1,5.0,0.0,5.0,0.0,4.0,0.0,0.0,5.0,1.0
2014,2,5.0,0.0,1.0,1.0,0.0,0.0,0.0,0.0,0.7
2014,1,1.0,1.0,1.0,2.0,1.0,0.0,5.0,0.0,0.64
2014,1,5.0,0.0,1.0,4.0,1.0,0.0,0.0,0.0,0.8800000000000001
2014,2,5.0,0.0,5.0,0.0,5.0,0.0,0.0,0.0,0.725
2014,2,1.0,1.0,5.0,0.0,1.0,5.0,0.0,0.0,0.5
2014,1,1.0,1.0,5.0,0.0,1.0,0.0,0.0,0.0,0.766
2014,2,5.0,0.0,5.0,0.0,1.0,0.0,5.0,0.0,0.75
2014,1,5.0,0.0,5.0,0.0,2.0,0.0,0.0,0.0,0.7368421052631579
2014,1,5.0,0.0,5.0,0.0,1.0,0.0,0.0,0.0,0.5
2014,1,1.0,1.0,1.0,1.0,1.0,1.0,0.0,0.0,0.75
2014,2,5.0,0.0,5.0,0.0,1.0,5.0,0.0,0.0,0.625
2014,2,1.0,1.0,1.0,6.0,2.0,0.0,0.0,0.0,0.725
2014,1,5.0,0.0,5.0,0.0,1.0,5.0,5.0,0.0,1.0
2014,1,1.0,1.0,1.0,2.0,2.0,0.0,5.0,0.0,0.6
2014,2,1.0,1.0,1.0,6.0,2.0,0.0,5.0,5.0,0.9875
2014,1,5.0,0.0,1.0,1.0,2.0,0.0,0.0,0.0,0.825
2014,2,5.0,0.0,1.0,1.0,1.0,0.0,0.0,0.0,0.375
2014,1,5.0,0.0,5.0,0.0,2.0,0.0,0.0,0.0,0.725
2014,1,5.0,0.0,5.0,0.0,1.0,0.0,0.0,0.0,0.8
2014,2,1.0,1.0,5.0,0.0,1.0,0.0,0.0,1.0,0.875
2014,2,5.0,0.0,5.0,0.0,1.0,0.0,0.0,0.0,0.775
2014,1,5.0,0.0,5.0,0.0,1.0,0.0,0.0,0.0,0.75
2014,1,5.0,0.0,8.0,0.0,1.0,0.0,0.0,1.0,0.744186046511628
2014,1,5.0,0.0,5.0,0.0,1.0,0.0,0.0,0.0,0.7
2014,1,5.0,0.0,5.0,0.0,1.0,5.0,0.0,0.0,0.75
2014,2,5.0,0.0,1.0,3.0,1.0,0.0,5.0,0.0,0.8048780487804879
2014,1,5.0,0.0,5.0,0.0,2.0,0.0,0.0,0.0,0.875
2014,1,5.0,0.0,1.0,5.0,1.0,5.0,5.0,0.0,0.5
2014,1,5.0,0.0,5.0,0.0,0.0,0.0,5.0,0.0,0.7
2014,1,1.0,1.0,1.0,3.0,2.0,0.0,5.0,0.0,0.86
2014,2,1.0,5.0,1.0,6.0,2.0,0.0,0.0,5.0,0.32653061224489793
2014,2,5.0,0.0,5.0,0.0,1.0,5.0,0.0,0.0,0.5128205128205129
2014,2,1.0,5.0,5.0,0.0,2.0,0.0,0.0,0.0,0.7999999999999999
2014,2,5.0,0.0,5.0,0.0,2.0,0.0,0.0,0.0,0.875
2014,2,5.0,0.0,5.0,0.0,4.0,0.0,0.0,0.0,0.75
2014,2,5.0,0.0,5.0,0.0,2.0,0.0,0.0,0.0,0.8
2014,2,5.0,0.0,5.0,0.0,1.0,5.0,0.0,0.0,0.7857142857142856
2014,1,5.0,0.0,1.0,1.0,3.0,0.0,5.0,0.0,0.6666666666666666
2014,2,5.0,0.0,5.0,0.0,0.0,0.0,0.0,0.0,0.9047619047619047
2014,1,5.0,0.0,5.0,0.0,2.0,0.0,0.0,0.0,0.744186046511628
2014,2,5.0,0.0,5.0,0.0,2.0,0.0,0.0,0.0,0.8
2014,1,5.0,0.0,5.0,0.0,3.0,0.0,5.0,0.0,0.7
2014,2,5.0,0.0,1.0,2.0,1.0,5.0,5.0,5.0,0.9411764705882354
2014,1,5.0,0.0,5.0,0.0,1.0,5.0,0.0,0.0,0.5
2014,1,5.0,0.0,5.0,0.0,1.0,5.0,0.0,0.0,0.6
2014,2,1.0,1.0,5.0,0.0,2.0,5.0,0.0,0.0,0.49230769230769234
2014,2,5.0,0.0,5.0,0.0,1.0,0.0,0.0,5.0,0.875
2014,1,5.0,0.0,5.0,0.0,1.0,0.0,5.0,0.0,0.7
2014,2,5.0,0.0,5.0,0.0,1.0,0.0,0.0,5.0,0.5777777777777778
2014,1,5.0,0.0,5.0,0.0,1.0,0.0,0.0,0.0,0.525
2014,1,5.0,0.0,5.0,0.0,2.0,5.0,5.0,5.0,0.7175
2014,1,5.0,0.0,5.0,0.0,0.0,5.0,5.0,0.0,0.7297297297297297
2014,1,1.0,1.0,5.0,0.0,1.0,0.0,0.0,0.0,0.6086956521739131
2014,2,5.0,0.0,5.0,0.0,1.0,5.0,0.0,0.0,0.875
2014,2,5.0,0.0,5.0,0.0,1.0,5.0,5.0,0.0,0.55
2014,1,5.0,0.0,5.0,0.0,1.0,5.0,0.0,5.0,0.525
2014,1,5.0,0.0,5.0,0.0,1.0,0.0,0.0,0.0,0.4666666666666667
2014,1,5.0,0.0,5.0,0.0,1.0,5.0,0.0,0.0,0.85
2014,2,1.0,5.0,5.0,0.0,2.0,5.0,0.0,0.0,0.7
2014,1,5.0,0.0,5.0,0.0,2.0,0.0,0.0,0.0,0.625
2014,2,5.0,0.0,5.0,0.0,4.0,0.0,0.0,5.0,0.86
2014,1,5.0,0.0,5.0,0.0,1.0,5.0,0.0,0.0,0.8
2014,2,5.0,0.0,5.0,0.0,1.0,0.0,0.0,0.0,0.8
2014,1,5.0,0.0,1.0,2.0,1.0,0.0,0.0,0.0,0.75
2014,1,1.0,1.0,1.0,2.0,2.0,0.0,0.0,0.0,0.85
2014,1,5.0,0.0,5.0,0.0,2.0,0.0,0.0,0.0,0.625
2014,2,5.0,0.0,5.0,0.0,2.0,0.0,0.0,0.0,0.625
2014,2,5.0,0.0,5.0,0.0,2.0,5.0,0.0,5.0,0.925
2014,1,5.0,0.0,5.0,0.0,0.0,0.0,0.0,5.0,0.875
2014,1,,,,,,,,,0.6666666666666666
2014,2,5.0,0.0,5.0,0.0,0.0,0.0,0.0,5.0,0.9459459459459459
2014,1,5.0,0.0,5.0,0.0,0.0,0.0,0.0,5.0,0.875
2014,1,5.0,0.0,5.0,0.0,2.0,0.0,0.0,0.0,0.775
2014,1,1.0,5.0,5.0,0.0,4.0,0.0,0.0,0.0,0.625
2014,1,5.0,0.0,5.0,0.0,1.0,5.0,5.0,5.0,0.7777777777777778
2014,2,5.0,0.0,5.0,0.0,2.0,0.0,0.0,0.0,0.95
2014,2,1.0,1.0,5.0,0.0,2.0,0.0,0.0,0.0,0.6923076923076924
2014,1,5.0,0.0,5.0,0.0,2.0,0.0,0.0,0.0,0.7000000000000001
2014,1,5.0,0.0,5.0,0.0,2.0,0.0,0.0,0.0,0.5434782608695653
2014,2,5.0,0.0,1.0,3.0,1.0,0.0,5.0,5.0,0.875
2014,2,5.0,0.0,5.0,0.0,5.0,0.0,0.0,5.0,0.7666666666666666
2014,1,1.0,1.0,5.0,0.0,1.0,0.0,5.0,0.0,0.95
2014,1,5.0,0.0,5.0,0.0,5.0,0.0,0.0,0.0,0.6125
2014,2,5.0,0.0,5.0,0.0,1.0,5.0,0.0,0.0,0.7777777777777778
2014,2,5.0,0.0,1.0,4.0,5.0,0.0,0.0,5.0,0.625
2014,2,1.0,5.0,1.0,1.0,1.0,0.0,0.0,0.0,1.025
2014,2,1.0,5.0,1.0,1.0,1.0,5.0,0.0,0.0,1.0
2019,2,5.0,0.0,5.0,0.0,1.0,0.0,0.0,0.0,0.85
2019,2,1.0,5.0,1.0,1.0,3.0,0.0,0.0,5.0,0.925
2019,1,5.0,0.0,5.0,0.0,1.0,0.0,0.0,5.0,0.975
2019,2,1.0,5.0,5.0,0.0,1.0,0.0,5.0,0.0,0.95
2019,2,5.0,0.0,5.0,0.0,2.0,0.0,5.0,0.0,0.95
2019,2,1.0,5.0,1.0,6.0,1.0,0.0,5.0,0.0,0.8400000000000001
2019,2,5.0,0.0,1.0,2.0,1.0,0.0,0.0,0.0,0.85
2019,1,5.0,0.0,1.0,3.0,1.0,0.0,0.0,0.0,0.875
2019,1,1.0,1.0,5.0,0.0,1.0,0.0,5.0,5.0,0.86
2019,2,5.0,0.0,5.0,0.0,1.0,0.0,5.0,0.0,0.875
2019,2,5.0,0.0,5.0,0.0,1.0,0.0,0.0,0.0,0.82
2019,1,5.0,0.0,5.0,0.0,1.0,0.0,5.0,5.0,0.4725
2019,2,5.0,0.0,1.0,1.0,4.0,0.0,0.0,0.0,0.75
2019,2,5.0,0.0,1.0,1.0,1.0,0.0,5.0,0.0,0.778
2019,2,5.0,0.0,5.0,0.0,1.0,0.0,0.0,0.0,0.9
2019,1,5.0,0.0,1.0,2.0,1.0,0.0,0.0,0.0,0.8888888888888888
2019,1,5.0,0.0,1.0,2.0,1.0,0.0,5.0,0.0,0.8928571428571428
2019,2,5.0,0.0,5.0,0.0,2.0,0.0,0.0,0.0,0.9
2019,1,5.0,0.0,1.0,1.0,1.0,0.0,0.0,0.0,0.625
2019,2,5.0,0.0,5.0,0.0,1.0,0.0,0.0,0.0,0.892
2019,1,1.0,1.0,1.0,1.0,1.0,0.0,5.0,0.0,0.8235294117647058
2019,1,5.0,0.0,1.0,5.0,1.0,0.0,0.0,0.0,0.675
2019,1,5.0,0.0,5.0,0.0,2.0,0.0,0.0,0.0,0.8555555555555556
2019,2,5.0,0.0,5.0,0.0,1.0,0.0,0.0,0.0,0.875
2019,1,5.0,0.0,1.0,2.0,1.0,0.0,0.0,0.0,0.875
2019,1,5.0,0.0,1.0,1.0,1.0,0.0,5.0,5.0,0.78
2019,2,1.0,1.0,1.0,5.0,1.0,0.0,0.0,0.0,0.95
2019,1,5.0,0.0,1.0,3.0,1.0,0.0,0.0,0.0,0.78
2019,1,5.0,0.0,1.0,3.0,2.0,0.0,1.0,0.0,0.85
2019,2,5.0,0.0,1.0,1.0,2.0,0.0,0.0,0.0,0.8888888888888888
2019,1,5.0,0.0,1.0,1.0,1.0,5.0,0.0,0.0,0.76
2019,2,5.0,0.0,1.0,3.0,1.0,0.0,0.0,5.0,0.9
2019,2,1.0,1.0,1.0,6.0,2.0,0.0,0.0,5.0,0.975
2019,2,5.0,0.0,5.0,0.0,1.0,0.0,5.0,5.0,0.9375
2019,2,5.0,0.0,1.0,5.0,1.0,5.0,5.0,0.0,0.375
2019,1,5.0,0.0,1.0,3.0,2.0,0.0,5.0,0.0,0.99
2019,2,5.0,0.0,1.0,1.0,1.0,0.0,0.0,0.0,0.8666666666666667
2019,1,5.0,0.0,5.0,0.0,2.0,0.0,0.0,0.0,0.6
2019,1,5.0,0.0,5.0,0.0,1.0,0.0,5.0,0.0,0.8837209302325582
2019,2,5.0,0.0,1.0,1.0,1.0,0.0,0.0,0.0,0.8105263157894737
2019,2,5.0,0.0,5.0,0.0,1.0,5.0,0.0,0.0,0.7
2019,2,5.0,0.0,5.0,0.0,1.0,0.0,0.0,0.0,0.9
2019,1,5.0,0.0,5.0,0.0,5.0,0.0,0.0,0.0,0.76
2019,1,5.0,0.0,5.0,0.0,1.0,0.0,5.0,5.0,1.0
2019,2,5.0,0.0,5.0,0.0,1.0,5.0,5.0,5.0,1.0
2019,1,,,,,,,,,0.835
2019,2,,,,,,,,,0.95
2019,2,5.0,0.0,1.0,2.0,1.0,0.0,0.0,0.0,0.911111111111111
2019,2,5.0,0.0,5.0,0.0,2.0,0.0,0.0,0.0,0.5
2019,1,1.0,1.0,1.0,5.0,2.0,0.0,0.0,0.0,1.0
2019,1,5.0,0.0,5.0,0.0,1.0,0.0,5.0,0.0,0.534
2019,2,5.0,0.0,1.0,1.0,1.0,0.0,0.0,0.0,0.775
2019,2,5.0,0.0,1.0,2.0,1.0,5.0,5.0,0.0,0.875
2019,2,5.0,0.0,5.0,0.0,1.0,5.0,5.0,5.0,0.825
2019,2,5.0,0.0,1.0,1.0,1.0,5.0,5.0,5.0,0.95
2019,1,5.0,0.0,5.0,0.0,2.0,5.0,0.0,0.0,1.0
2019,1,5.0,0.0,1.0,3.0,2.0,0.0,0.0,0.0,0.775
2019,1,5.0,0.0,1.0,1.0,1.0,5.0,0.0,0.0,0.8
2019,1,5.0,0.0,1.0,6.0,1.0,0.0,0.0,5.0,0.9756097560975611
2019,1,5.0,0.0,1.0,1.0,1.0,0.0,5.0,0.0,0.8333333333333333
2019,1,5.0,0.0,5.0,0.0,1.0,0.0,0.0,0.0,0.8
2019,1,5.0,0.0,5.0,0.0,2.0,0.0,5.0,5.0,0.8
2019,1,5.0,0.0,5.0,0.0,2.0,0.0,0.0,0.0,0.625
2019,2,5.0,0.0,1.0,1.0,1.0,0.0,5.0,0.0,0.986
2019,2,5.0,0.0,1.0,5.0,1.0,0.0,5.0,0.0,0.85
2019,2,5.0,0.0,5.0,0.0,1.0,0.0,0.0,0.0,0.925
2019,2,5.0,0.0,5.0,0.0,2.0,5.0,5.0,0.0,0.875
2019,1,5.0,0.0,5.0,0.0,1.0,0.0,0.0,0.0,0.925
2019,2,5.0,0.0,5.0,0.0,1.0,5.0,0.0,5.0,0.8
2019,1,1.0,1.0,1.0,6.0,5.0,0.0,5.0,5.0,0.8
2019,2,5.0,0.0,1.0,2.0,2.0,0.0,0.0,5.0,0.9125
2019,1,5.0,0.0,1.0,1.0,5.0,0.0,0.0,0.0,0.625
2019,2,5.0,0.0,1.0,1.0,1.0,0.0,0.0,0.0,0.8888888888888888
2019,2,1.0,1.0,1.0,3.0,1.0,0.0,1.0,0.0,0.85
2019,1,5.0,0.0,1.0,1.0,2.0,0.0,0.0,0.0,0.6
2019,1,5.0,0.0,1.0,1.0,3.0,0.0,0.0,0.0,0.9375
2019,2,1.0,1.0,1.0,3.0,1.0,0.0,0.0,0.0,0.925
2019,2,5.0,0.0,5.0,0.0,1.0,0.0,0.0,0.0,0.9047619047619047
2019,2,5.0,0.0,5.0,0.0,1.0,0.0,0.0,0.0,0.75
2019,2,5.0,0.0,5.0,0.0,1.0,0.0,0.0,5.0,0.85
2019,2,5.0,0.0,5.0,0.0,1.0,0.0,5.0,5.0,1.0
2019,1,1.0,5.0,5.0,0.0,1.0,5.0,0.0,0.0,0.75
2019,2,1.0,5.0,1.0,1.0,2.0,0.0,5.0,1.0,0.85
2019,1,5.0,0.0,1.0,4.0,1.0,0.0,5.0,5.0,0.8375
2019,2,5.0,0.0,1.0,2.0,1.0,0.0,1.0,0.0,0.8699999999999999
2019,1,1.0,1.0,1.0,3.0,2.0,0.0,5.0,0.0,0.6
2019,1,5.0,0.0,5.0,0.0,2.0,0.0,5.0,0.0,1.0
2019,2,5.0,0.0,1.0,1.0,2.0,0.0,5.0,0.0,0.85
2019,2,5.0,0.0,5.0,0.0,1.0,0.0,0.0,0.0,0.925
2019,1,5.0,0.0,5.0,0.0,2.0,0.0,0.0,0.0,0.875
2019,2,5.0,0.0,5.0,0.0,1.0,0.0,0.0,0.0,0.575
2019,1,5.0,0.0,5.0,0.0,1.0,5.0,0.0,0.0,0.9675
2019,2,5.0,0.0,1.0,2.0,3.0,0.0,5.0,0.0,1.0
2019,2,5.0,0.0,1.0,2.0,1.0,0.0,0.0,0.0,1.0
2019,2,5.0,0.0,1.0,3.0,1.0,0.0,0.0,0.0,0.975
2019,2,5.0,0.0,5.0,0.0,1.0,0.0,0.0,0.0,0.995
2019,2,1.0,5.0,5.0,0.0,2.0,0.0,0.0,0.0,0.8888888888888888
2019,2,1.0,5.0,5.0,0.0,1.0,0.0,5.0,0.0,0.8
2019,2,1.0,5.0,5.0,0.0,1.0,0.0,5.0,0.0,0.9534883720930232
2019,1,5.0,0.0,1.0,1.0,1.0,5.0,5.0,0.0,0.7142857142857143
2019,2,5.0,0.0,5.0,0.0,1.0,5.0,0.0,0.0,1.0
2019,1,5.0,0.0,5.0,0.0,1.0,5.0,0.0,0.0,0.65
2019,2,5.0,0.0,1.0,2.0,1.0,0.0,5.0,5.0,0.925
2019,2,1.0,1.0,1.0,5.0,1.0,0.0,1.0,0.0,0.75
2019,1,1.0,1.0,1.0,5.0,1.0,0.0,1.0,0.0,0.7
2019,2,5.0,0.0,1.0,5.0,1.0,0.0,0.0,0.0,0.6
2019,1,5.0,0.0,1.0,1.0,1.0,0.0,5.0,5.0,0.775
2019,1,1.0,1.0,1.0,4.0,1.0,5.0,0.0,0.0,0.6625
2019,2,5.0,0.0,5.0,0.0,1.0,0.0,0.0,0.0,0.575
2019,1,5.0,0.0,1.0,5.0,1.0,0.0,5.0,0.0,0.995
2019,1,5.0,0.0,1.0,5.0,2.0,0.0,5.0,5.0,0.7
2019,2,5.0,0.0,1.0,3.0,1.0,0.0,0.0,0.0,0.775
2019,1,5.0,0.0,5.0,0.0,1.0,0.0,0.0,5.0,0.8
2019,2,5.0,0.0,5.0,0.0,1.0,0.0,0.0,0.0,0.8
2019,2,5.0,0.0,5.0,0.0,1.0,0.0,5.0,0.0,0.8400000000000001
2019,1,5.0,0.0,1.0,5.0,1.0,0.0,0.0,0.0,0.8400000000000001
2019,1,5.0,0.0,5.0,0.0,1.0,0.0,0.0,0.0,0.6675
2019,2,5.0,0.0,1.0,4.0,2.0,0.0,0.0,0.0,0.6976744186046512
2019,2,5.0,0.0,1.0,3.0,1.0,0.0,5.0,5.0,0.86
2019,2,5.0,0.0,1.0,2.0,1.0,0.0,5.0,5.0,0.8
2019,2,5.0,0.0,5.0,0.0,1.0,0.0,0.0,0.0,0.85
2019,1,5.0,0.0,5.0,0.0,1.0,5.0,0.0,0.0,0.5875
2019,1,1.0,5.0,1.0,3.0,4.0,5.0,5.0,0.0,1.0
2019,1,5.0,0.0,5.0,0.0,1.0,0.0,0.0,0.0,0.5
2019,2,1.0,5.0,5.0,0.0,1.0,0.0,0.0,0.0,0.7
2019,1,5.0,0.0,5.0,0.0,2.0,5.0,0.0,0.0,0.5
2019,1,5.0,0.0,5.0,0.0,4.0,0.0,0.0,0.0,0.7
2019,2,5.0,0.0,5.0,0.0,1.0,0.0,0.0,0.0,0.95
2019,2,1.0,1.0,1.0,6.0,1.0,5.0,1.0,1.0,1.0
2019,1,1.0,1.0,1.0,6.0,1.0,0.0,5.0,0.0,1.0
2019,2,5.0,0.0,5.0,0.0,1.0,5.0,5.0,0.0,0.95
2019,2,5.0,0.0,1.0,1.0,5.0,0.0,0.0,0.0,0.94
2019,1,5.0,0.0,1.0,2.0,1.0,0.0,0.0,0.0,0.75
2019,1,1.0,5.0,1.0,4.0,1.0,0.0,0.0,0.0,0.825
2019,1,5.0,0.0,5.0,0.0,2.0,0.0,0.0,0.0,0.8375
2019,2,5.0,0.0,1.0,1.0,1.0,0.0,0.0,0.0,0.8809523809523809
2019,2,5.0,0.0,1.0,1.0,1.0,0.0,1.0,0.0,0.9375
2019,2,5.0,0.0,1.0,1.0,1.0,0.0,0.0,0.0,0.85
2019,1,5.0,0.0,1.0,1.0,1.0,0.0,0.0,0.0,0.9575
2019,2,5.0,0.0,5.0,0.0,1.0,5.0,0.0,0.0,0.25
2019,2,5.0,0.0,5.0,0.0,1.0,0.0,5.0,0.0,0.7825
2019,2,1.0,5.0,1.0,1.0,1.0,0.0,0.0,5.0,0.808
2019,2,1.0,1.0,1.0,5.0,1.0,0.0,5.0,5.0,0.85
2019,2,1.0,5.0,1.0,1.0,1.0,5.0,1.0,0.0,0.5
2019,1,5.0,0.0,1.0,1.0,1.0,0.0,0.0,5.0,0.95
2019,2,5.0,0.0,1.0,1.0,2.0,0.0,5.0,0.0,0.875
2019,1,5.0,0.0,1.0,1.0,1.0,5.0,0.0,0.0,0.275
2019,2,5.0,0.0,5.0,0.0,1.0,0.0,5.0,0.0,0.8625
2019,2,1.0,5.0,5.0,0.0,1.0,0.0,0.0,0.0,1.0
2019,1,5.0,0.0,5.0,0.0,4.0,5.0,0.0,0.0,0.9
2019,2,5.0,0.0,1.0,3.0,1.0,0.0,5.0,0.0,0.85
2019,2,1.0,1.0,1.0,5.0,1.0,0.0,5.0,0.0,0.75
2019,2,5.0,0.0,1.0,2.0,1.0,0.0,5.0,0.0,1.0
2019,2,1.0,1.0,1.0,5.0,1.0,0.0,0.0,1.0,0.9
2019,2,5.0,0.0,1.0,1.0,1.0,0.0,0.0,0.0,0.9583333333333333
2019,1,1.0,5.0,1.0,5.0,1.0,0.0,0.0,0.0,0.9347826086956522
2019,2,5.0,0.0,1.0,2.0,1.0,0.0,5.0,0.0,1.0
2019,1,5.0,0.0,5.0,0.0,1.0,5.0,0.0,0.0,0.6
2019,1,5.0,0.0,5.0,0.0,1.0,5.0,0.0,0.0,0.625
2019,2,5.0,0.0,5.0,0.0,1.0,0.0,0.0,0.0,0.58
2019,2,5.0,0.0,1.0,1.0,1.0,0.0,0.0,0.0,0.9
2019,1,5.0,0.0,1.0,3.0,1.0,0.0,0.0,5.0,0.62
2019,2,5.0,0.0,5.0,0.0,4.0,0.0,5.0,0.0,0.7
2019,1,5.0,0.0,5.0,0.0,2.0,0.0,5.0,0.0,0.725
2019,2,5.0,0.0,1.0,5.0,1.0,0.0,5.0,0.0,0.8
2019,2,1.0,1.0,1.0,5.0,1.0,0.0,0.0,0.0,0.6875
2019,2,1.0,5.0,5.0,0.0,1.0,0.0,0.0,0.0,0.875
2019,1,5.0,0.0,5.0,0.0,1.0,0.0,0.0,0.0,0.625
2019,2,5.0,0.0,1.0,5.0,1.0,0.0,5.0,0.0,0.975
2019,1,5.0,0.0,1.0,5.0,2.0,0.0,0.0,0.0,0.75
2019,2,5.0,0.0,5.0,0.0,1.0,0.0,0.0,0.0,0.875
2019,2,5.0,0.0,5.0,0.0,1.0,0.0,0.0,0.0,0.975
2019,2,1.0,1.0,1.0,3.0,1.0,1.0,5.0,0.0,0.9375
2019,1,5.0,0.0,5.0,0.0,1.0,0.0,0.0,0.0,0.9400000000000001
2019,1,5.0,0.0,1.0,1.0,1.0,0.0,0.0,0.0,0.5111111111111111
2019,1,5.0,0.0,1.0,5.0,2.0,0.0,0.0,0.0,0.8372093023255814
2019,2,1.0,5.0,1.0,3.0,1.0,0.0,5.0,0.0,0.775
2019,1,5.0,0.0,1.0,2.0,2.0,0.0,0.0,0.0,0.95
2019,2,5.0,0.0,5.0,0.0,1.0,0.0,5.0,0.0,0.725
2019,2,1.0,1.0,1.0,5.0,1.0,0.0,0.0,5.0,0.875
2019,1,5.0,0.0,1.0,1.0,2.0,0.0,5.0,5.0,0.7111111111111111
2019,1,5.0,0.0,5.0,0.0,1.0,0.0,0.0,0.0,0.8
2019,1,5.0,0.0,1.0,3.0,1.0,0.0,0.0,5.0,0.9
2019,1,5.0,0.0,5.0,0.0,1.0,0.0,0.0,0.0,0.875
2019,1,5.0,0.0,5.0,0.0,1.0,0.0,0.0,0.0,0.85
2019,2,5.0,0.0,1.0,2.0,1.0,0.0,0.0,0.0,0.9318181818181817
2019,1,5.0,0.0,5.0,0.0,1.0,0.0,0.0,5.0,0.775
2019,1,5.0,0.0,5.0,0.0,1.0,5.0,0.0,0.0,0.6
2019,1,5.0,0.0,1.0,5.0,1.0,0.0,0.0,0.0,1.0
2019,1,5.0,0.0,5.0,0.0,1.0,5.0,0.0,0.0,0.6
2019,2,5.0,0.0,1.0,1.0,1.0,0.0,0.0,0.0,0.844
2019,2,1.0,5.0,1.0,2.0,1.0,0.0,5.0,0.0,0.974
2019,2,5.0,0.0,5.0,0.0,1.0,0.0,0.0,0.0,0.775
2019,1,5.0,0.0,1.0,2.0,1.0,0.0,0.0,5.0,0.7391304347826088
2019,1,5.0,0.0,1.0,3.0,1.0,0.0,0.0,0.0,0.75
2019,1,5.0,0.0,1.0,4.0,1.0,0.0,0.0,0.0,0.9333333333333332
2019,2,1.0,1.0,1.0,5.0,1.0,0.0,5.0,0.0,0.95
2019,1,5.0,0.0,5.0,0.0,1.0,5.0,0.0,0.0,0.7317073170731708
2019,2,5.0,0.0,1.0,1.0,1.0,0.0,0.0,0.0,0.85
2019,2,5.0,0.0,1.0,1.0,1.0,5.0,0.0,5.0,0.8292682926829269
2019,1,1.0,1.0,1.0,5.0,1.0,5.0,0.0,0.0,0.65
2019,2,5.0,0.0,5.0,0.0,1.0,0.0,0.0,0.0,0.95
2019,1,5.0,0.0,5.0,0.0,1.0,5.0,0.0,0.0,0.717391304347826
2019,1,5.0,0.0,5.0,0.0,0.0,0.0,0.0,1.0,0.5
2019,1,1.0,1.0,1.0,5.0,1.0,5.0,0.0,0.0,0.8333333333333334
2019,2,5.0,0.0,5.0,0.0,1.0,0.0,0.0,0.0,0.9
2019,2,5.0,0.0,1.0,1.0,1.0,0.0,0.0,0.0,0.9175
2019,2,1.0,5.0,5.0,0.0,1.0,0.0,0.0,0.0,0.96
2019,2,5.0,0.0,5.0,0.0,1.0,0.0,5.0,5.0,0.95
2019,2,5.0,0.0,5.0,0.0,2.0,5.0,0.0,0.0,0.8
2019,2,5.0,0.0,1.0,2.0,1.0,5.0,5.0,0.0,0.95
2019,1,5.0,0.0,1.0,1.0,1.0,0.0,5.0,5.0,0.85
2019,2,5.0,0.0,1.0,1.0,1.0,0.0,5.0,5.0,0.5
2019,2,5.0,0.0,1.0,2.0,1.0,0.0,5.0,5.0,0.8
2019,2,5.0,0.0,1.0,1.0,2.0,0.0,0.0,0.0,0.875
2019,1,5.0,0.0,1.0,2.0,4.0,0.0,0.0,0.0,0.6888888888888889
2019,2,5.0,0.0,1.0,1.0,1.0,0.0,5.0,5.0,0.975
2019,2,5.0,0.0,5.0,0.0,2.0,0.0,0.0,0.0,0.675
2019,2,5.0,0.0,5.0,0.0,2.0,0.0,0.0,0.0,0.95
2019,2,5.0,0.0,1.0,2.0,1.0,0.0,5.0,5.0,0.95
2019,2,5.0,0.0,1.0,1.0,1.0,0.0,0.0,0.0,0.875
2019,2,5.0,0.0,1.0,2.0,1.0,0.0,0.0,5.0,0.925
2019,2,5.0,0.0,1.0,4.0,1.0,0.0,5.0,1.0,1.0
2019,2,5.0,0.0,1.0,4.0,1.0,0.0,0.0,5.0,1.0
2019,2,5.0,0.0,1.0,2.0,1.0,0.0,1.0,0.0,0.8880000000000001
2019,1,,,,,,,,,1.0
2019,2,5.0,0.0,5.0,0.0,1.0,0.0,0.0,0.0,0.8
2019,2,5.0,0.0,5.0,0.0,1.0,0.0,5.0,5.0,1.0
2019,1,5.0,0.0,5.0,0.0,1.0,5.0,0.0,0.0,0.6888888888888889
2019,1,5.0,0.0,5.0,0.0,1.0,0.0,0.0,0.0,0.7625
2019,2,1.0,1.0,1.0,6.0,1.0,0.0,0.0,0.0,0.94
2019,2,5.0,0.0,5.0,0.0,1.0,0.0,0.0,0.0,0.82
2019,1,5.0,0.0,5.0,0.0,1.0,0.0,0.0,0.0,0.95
2019,1,5.0,0.0,5.0,0.0,4.0,0.0,0.0,0.0,0.875
2019,1,5.0,0.0,1.0,2.0,2.0,0.0,1.0,0.0,0.8
2019,2,5.0,0.0,5.0,0.0,2.0,0.0,0.0,5.0,1.0
2019,2,5.0,0.0,1.0,5.0,2.0,5.0,0.0,0.0,0.75
2019,1,5.0,0.0,5.0,0.0,1.0,0.0,0.0,0.0,0.776
2019,2,1.0,5.0,1.0,1.0,1.0,0.0,0.0,0.0,0.95
2019,1,1.0,1.0,5.0,0.0,1.0,5.0,0.0,0.0,0.675
2019,2,5.0,0.0,5.0,0.0,1.0,0.0,0.0,0.0,0.9675
2019,1,5.0,0.0,1.0,2.0,2.0,0.0,0.0,5.0,0.75
2019,2,5.0,0.0,1.0,1.0,1.0,0.0,0.0,5.0,0.875
2019,2,5.0,0.0,5.0,0.0,1.0,0.0,0.0,0.0,0.6725
2019,1,1.0,1.0,1.0,6.0,1.0,0.0,1.0,0.0,0.625
2019,2,5.0,0.0,5.0,0.0,1.0,0.0,5.0,0.0,0.875
2019,2,5.0,0.0,1.0,1.0,1.0,5.0,5.0,0.0,0.8
2019,1,5.0,0.0,1.0,1.0,1.0,0.0,0.0,0.0,0.75
2019,2,5.0,0.0,5.0,0.0,1.0,0.0,0.0,0.0,0.75
2019,1,5.0,0.0,1.0,2.0,1.0,0.0,0.0,0.0,0.55
2019,2,5.0,0.0,1.0,3.0,1.0,0.0,5.0,5.0,0.4117647058823529
2019,2,5.0,0.0,5.0,0.0,0.0,0.0,0.0,5.0,0.575
2019,1,5.0,0.0,5.0,0.0,1.0,0.0,5.0,5.0,0.82
2019,2,5.0,0.0,5.0,0.0,3.0,0.0,0.0,0.0,0.875
2019,1,5.0,0.0,5.0,0.0,1.0,0.0,0.0,0.0,0.6666666666666666
2019,1,5.0,0.0,5.0,0.0,1.0,0.0,0.0,0.0,0.95
2019,2,5.0,0.0,5.0,0.0,1.0,0.0,0.0,0.0,0.925
2019,1,5.0,0.0,1.0,3.0,5.0,0.0,0.0,0.0,0.6666666666666666
2019,1,5.0,0.0,5.0,0.0,5.0,0.0,0.0,0.0,0.6444444444444444
2019,1,1.0,1.0,1.0,6.0,1.0,0.0,0.0,0.0,0.58
2019,1,5.0,0.0,5.0,0.0,1.0,0.0,0.0,5.0,0.7777777777777778
2019,2,5.0,0.0,1.0,5.0,1.0,0.0,0.0,0.0,0.7
2019,2,5.0,0.0,1.0,2.0,3.0,0.0,0.0,0.0,0.7
2019,1,5.0,0.0,1.0,3.0,1.0,0.0,0.0,5.0,0.7551020408163265
2019,1,5.0,0.0,5.0,0.0,1.0,0.0,0.0,0.0,0.65
2019,2,5.0,0.0,5.0,0.0,1.0,0.0,0.0,0.0,0.825
2019,1,5.0,0.0,1.0,4.0,4.0,0.0,0.0,5.0,0.8444444444444444
2019,1,5.0,0.0,5.0,0.0,1.0,0.0,0.0,0.0,0.54
2019,2,5.0,0.0,1.0,1.0,1.0,0.0,0.0,0.0,0.75
2019,1,5.0,0.0,5.0,0.0,1.0,0.0,0.0,5.0,0.5
2019,2,5.0,0.0,5.0,0.0,2.0,0.0,0.0,0.0,0.675
2019,2,1.0,1.0,1.0,6.0,2.0,0.0,0.0,0.0,0.75
2019,1,5.0,0.0,1.0,5.0,1.0,0.0,5.0,0.0,0.97
2019,2,5.0,0.0,1.0,5.0,1.0,0.0,0.0,0.0,0.975
2019,2,5.0,0.0,5.0,0.0,2.0,0.0,0.0,0.0,0.575
2019,1,5.0,0.0,5.0,0.0,1.0,0.0,0.0,0.0,0.7297297297297297
2019,1,1.0,1.0,1.0,5.0,1.0,0.0,0.0,0.0,0.8
2019,1,5.0,0.0,5.0,0.0,2.0,0.0,0.0,0.0,0.625
2019,1,,,,,,,,,0.5952380952380952
2019,2,5.0,0.0,5.0,0.0,1.0,0.0,0.0,0.0,0.875
2019,2,1.0,5.0,5.0,0.0,1.0,5.0,0.0,0.0,0.975
2019,2,1.0,5.0,5.0,0.0,1.0,0.0,0.0,0.0,0.4444444444444444
2019,1,5.0,0.0,5.0,0.0,2.0,0.0,0.0,0.0,0.95
2019,1,5.0,0.0,5.0,0.0,2.0,0.0,0.0,0.0,0.875
2019,2,5.0,0.0,5.0,0.0,0.0,0.0,0.0,0.0,0.9
2019,1,5.0,0.0,1.0,1.0,2.0,5.0,0.0,0.0,0.05
2019,1,5.0,0.0,5.0,0.0,2.0,5.0,0.0,5.0,0.775
2019,2,1.0,5.0,5.0,0.0,1.0,0.0,0.0,0.0,0.74
2019,2,5.0,0.0,5.0,0.0,1.0,0.0,0.0,0.0,0.875
2019,2,5.0,0.0,1.0,2.0,4.0,0.0,5.0,5.0,0.875
2019,2,5.0,0.0,1.0,1.0,1.0,0.0,0.0,0.0,0.785
2019,1,5.0,0.0,5.0,0.0,1.0,0.0,0.0,0.0,0.7333333333333333
2019,2,5.0,0.0,5.0,0.0,3.0,0.0,0.0,5.0,0.8333333333333334
2019,1,1.0,1.0,1.0,6.0,2.0,0.0,0.0,0.0,0.75
2019,1,5.0,0.0,5.0,0.0,1.0,0.0,0.0,0.0,0.6599999999999999
2019,2,5.0,0.0,5.0,0.0,2.0,0.0,0.0,0.0,0.86
2019,2,5.0,0.0,1.0,3.0,1.0,0.0,5.0,0.0,0.8
2019,1,5.0,0.0,1.0,1.0,2.0,5.0,0.0,0.0,0.75
2019,1,5.0,0.0,5.0,0.0,1.0,0.0,0.0,0.0,1.0
2019,1,1.0,1.0,1.0,3.0,1.0,0.0,0.0,0.0,0.5
2019,1,1.0,1.0,1.0,6.0,1.0,0.0,0.0,0.0,0.64
2019,1,1.0,1.0,1.0,5.0,1.0,0.0,0.0,5.0,0.7
2019,1,5.0,0.0,5.0,0.0,1.0,0.0,0.0,0.0,0.825
2019,2,5.0,0.0,5.0,0.0,1.0,0.0,0.0,0.0,0.875
2019,2,1.0,5.0,1.0,2.0,1.0,0.0,5.0,0.0,0.875
2019,1,5.0,0.0,1.0,2.0,2.0,0.0,0.0,0.0,0.78
2019,2,1.0,5.0,1.0,2.0,1.0,0.0,1.0,0.0,1.0
2019,1,1.0,1.0,1.0,5.0,1.0,0.0,0.0,0.0,0.8400000000000001
2019,1,1.0,1.0,5.0,0.0,1.0,0.0,0.0,0.0,0.85
2019,1,5.0,0.0,5.0,0.0,2.0,0.0,0.0,0.0,0.95
2019,1,5.0,0.0,1.0,4.0,1.0,0.0,0.0,0.0,1.0
2019,2,5.0,0.0,1.0,5.0,3.0,0.0,0.0,5.0,0.9925
2019,2,1.0,1.0,1.0,5.0,3.0,0.0,0.0,5.0,0.875
2019,1,5.0,0.0,5.0,0.0,1.0,0.0,0.0,5.0,0.6190476190476191
2019,2,5.0,0.0,5.0,0.0,4.0,0.0,0.0,0.0,0.6612244897959184
2019,1,1.0,1.0,1.0,6.0,2.0,0.0,0.0,0.0,0.9
2019,1,5.0,0.0,5.0,0.0,1.0,0.0,0.0,0.0,0.375
2019,1,1.0,1.0,1.0,4.0,4.0,0.0,0.0,0.0,0.725
2019,2,5.0,0.0,5.0,0.0,1.0,5.0,5.0,0.0,1.0
2019,1,5.0,0.0,5.0,0.0,2.0,0.0,0.0,0.0,1.0
2019,1,5.0,0.0,5.0,0.0,1.0,0.0,0.0,5.0,0.725
2019,2,5.0,0.0,1.0,1.0,2.0,0.0,0.0,0.0,0.8400000000000001
2019,1,1.0,5.0,5.0,0.0,1.0,0.0,0.0,0.0,0.525
2019,2,5.0,0.0,5.0,0.0,1.0,0.0,0.0,5.0,0.875
2019,2,5.0,0.0,5.0,0.0,1.0,0.0,0.0,0.0,0.875
2019,2,5.0,0.0,1.0,5.0,2.0,0.0,0.0,0.0,1.0
2019,2,5.0,0.0,5.0,0.0,2.0,0.0,0.0,0.0,0.8
2019,2,5.0,0.0,5.0,0.0,2.0,0.0,0.0,0.0,0.725
2019,1,5.0,0.0,5.0,0.0,1.0,0.0,0.0,0.0,0.9
2019,2,5.0,0.0,5.0,0.0,1.0,0.0,0.0,0.0,0.925
2019,1,1.0,5.0,5.0,0.0,1.0,5.0,0.0,5.0,0.8
2019,1,5.0,0.0,5.0,0.0,1.0,0.0,0.0,0.0,0.744186046511628
2019,1,5.0,0.0,1.0,1.0,1.0,0.0,0.0,0.0,0.9459459459459459
2019,1,5.0,0.0,5.0,0.0,1.0,0.0,0.0,0.0,0.25
2019,1,5.0,0.0,5.0,0.0,1.0,0.0,0.0,0.0,0.5
2019,2,5.0,0.0,5.0,0.0,5.0,0.0,0.0,0.0,0.75
2019,2,5.0,0.0,5.0,0.0,1.0,0.0,0.0,0.0,0.625
2019,2,5.0,0.0,5.0,0.0,0.0,0.0,0.0,0.0,0.8
2019,2,5.0,0.0,5.0,0.0,1.0,5.0,0.0,0.0,0.65
2019,1,5.0,0.0,5.0,0.0,5.0,0.0,5.0,5.0,0.7894736842105263
2019,1,5.0,0.0,5.0,0.0,1.0,0.0,0.0,0.0,0.8
2019,2,5.0,0.0,5.0,0.0,1.0,0.0,0.0,0.0,0.7
2019,2,5.0,0.0,5.0,0.0,1.0,0.0,0.0,5.0,0.7111111111111111
2019,1,5.0,0.0,5.0,0.0,1.0,5.0,0.0,0.0,0.3977272727272727
2019,2,5.0,0.0,5.0,0.0,1.0,0.0,0.0,0.0,0.6799999999999999
2019,2,5.0,0.0,5.0,0.0,1.0,0.0,0.0,0.0,0.375
2019,2,1.0,5.0,5.0,0.0,1.0,0.0,0.0,0.0,0.875
2019,1,5.0,0.0,5.0,0.0,1.0,0.0,0.0,0.0,0.75
2019,2,5.0,0.0,5.0,0.0,2.0,0.0,0.0,0.0,0.975
2019,1,5.0,0.0,5.0,0.0,1.0,0.0,0.0,0.0,0.74
2019,1,1.0,5.0,5.0,0.0,2.0,0.0,0.0,0.0,0.8
2019,2,5.0,0.0,5.0,0.0,3.0,0.0,0.0,5.0,0.9183673469387754
2019,1,5.0,0.0,1.0,2.0,1.0,0.0,5.0,0.0,0.625
2019,2,5.0,0.0,5.0,0.0,2.0,0.0,0.0,0.0,0.95
2019,2,5.0,0.0,1.0,1.0,2.0,0.0,0.0,5.0,0.83
2019,1,1.0,1.0,1.0,4.0,1.0,0.0,0.0,0.0,0.9767441860465117
2019,1,5.0,0.0,5.0,0.0,1.0,0.0,0.0,0.0,0.7
2019,2,5.0,0.0,5.0,0.0,1.0,0.0,5.0,5.0,0.825
2019,1,1.0,1.0,1.0,5.0,1.0,0.0,5.0,0.0,0.625
2019,1,5.0,0.0,5.0,0.0,1.0,0.0,0.0,0.0,0.725
2019,2,5.0,0.0,5.0,0.0,2.0,0.0,0.0,0.0,0.5
2019,2,5.0,0.0,5.0,0.0,1.0,0.0,0.0,0.0,0.725
2019,2,5.0,0.0,5.0,0.0,1.0,0.0,5.0,0.0,0.3658536585365854
2019,2,5.0,0.0,5.0,0.0,1.0,0.0,0.0,0.0,0.75
2019,1,1.0,1.0,1.0,5.0,2.0,0.0,5.0,0.0,0.6599999999999999
2019,1,1.0,1.0,1.0,3.0,3.0,5.0,5.0,5.0,0.6
2019,1,5.0,0.0,1.0,1.0,4.0,0.0,0.0,0.0,0.47400000000000003
2019,1,5.0,0.0,5.0,0.0,1.0,0.0,5.0,0.0,0.85
2019,1,5.0,0.0,5.0,0.0,1.0,0.0,0.0,0.0,0.5
2019,2,1.0,5.0,5.0,0.0,1.0,0.0,0.0,0.0,0.75
2019,2,5.0,0.0,5.0,0.0,2.0,0.0,0.0,0.0,0.7825
2019,1,5.0,0.0,1.0,2.0,1.0,0.0,0.0,5.0,0.45454545454545453
2019,2,5.0,0.0,1.0,5.0,2.0,0.0,0.0,0.0,0.875
2019,1,5.0,0.0,5.0,0.0,1.0,0.0,5.0,0.0,0.75
2019,2,5.0,0.0,5.0,0.0,1.0,0.0,0.0,0.0,0.775
2019,2,5.0,0.0,5.0,0.0,2.0,0.0,0.0,0.0,0.775
2019,1,5.0,0.0,5.0,0.0,1.0,0.0,0.0,0.0,0.4
2019,1,5.0,0.0,5.0,0.0,1.0,0.0,0.0,0.0,0.6923076923076923
2019,2,5.0,0.0,1.0,1.0,1.0,0.0,0.0,0.0,0.85
2019,1,5.0,0.0,5.0,0.0,2.0,5.0,0.0,0.0,0.8444444444444444
2019,1,5.0,0.0,5.0,0.0,2.0,5.0,0.0,5.0,0.8444444444444444
2019,1,5.0,0.0,5.0,0.0,1.0,0.0,0.0,0.0,0.75
2019,1,5.0,0.0,5.0,0.0,1.0,0.0,0.0,0.0,0.85
2019,2,5.0,0.0,5.0,0.0,1.0,0.0,0.0,0.0,0.85
2019,2,5.0,0.0,5.0,0.0,1.0,5.0,0.0,0.0,0.8
2019,1,,,,,,,,,0.5
2019,1,5.0,0.0,1.0,6.0,1.0,5.0,0.0,5.0,0.75
2019,2,5.0,0.0,5.0,0.0,1.0,0.0,0.0,0.0,0.875
2019,1,5.0,0.0,5.0,0.0,1.0,5.0,0.0,0.0,0.7
2019,2,1.0,1.0,1.0,6.0,1.0,0.0,0.0,0.0,0.925
2019,1,5.0,0.0,5.0,0.0,1.0,5.0,0.0,0.0,0.75
2019,1,5.0,0.0,5.0,0.0,1.0,0.0,0.0,0.0,0.75
2019,2,5.0,0.0,1.0,2.0,1.0,0.0,1.0,0.0,0.8936170212765957
2019,2,1.0,1.0,1.0,6.0,2.0,0.0,0.0,5.0,0.875
2019,1,5.0,0.0,5.0,0.0,1.0,0.0,0.0,0.0,0.9
2019,1,5.0,0.0,5.0,0.0,2.0,5.0,0.0,5.0,0.775
2019,2,5.0,0.0,5.0,0.0,1.0,0.0,0.0,0.0,0.625
2019,1,5.0,0.0,5.0,0.0,1.0,5.0,0.0,0.0,0.975
2019,2,5.0,0.0,1.0,1.0,1.0,0.0,0.0,5.0,0.625
2019,1,5.0,0.0,1.0,1.0,1.0,0.0,0.0,0.0,0.75
2019,2,1.0,5.0,5.0,0.0,1.0,0.0,0.0,0.0,0.825
2019,2,5.0,0.0,5.0,0.0,1.0,0.0,5.0,5.0,0.6666666666666666
2019,2,5.0,0.0,5.0,0.0,1.0,0.0,0.0,0.0,0.75
2019,1,5.0,0.0,5.0,0.0,1.0,0.0,0.0,0.0,0.7
2019,2,5.0,0.0,5.0,0.0,1.0,0.0,0.0,0.0,0.7
2019,1,5.0,0.0,5.0,0.0,2.0,0.0,5.0,0.0,0.8
2019,2,1.0,5.0,5.0,0.0,1.0,0.0,0.0,0.0,0.9636363636363636
2019,2,5.0,0.0,1.0,2.0,1.0,0.0,0.0,0.0,0.9285714285714285
2019,1,5.0,0.0,1.0,1.0,3.0,5.0,0.0,5.0,0.8400000000000001
2019,2,1.0,1.0,1.0,3.0,4.0,5.0,5.0,0.0,0.85
2019,2,1.0,1.0,1.0,4.0,1.0,0.0,5.0,0.0,0.9555555555555555
2019,1,5.0,0.0,5.0,0.0,1.0,0.0,0.0,0.0,0.9
2019,2,5.0,0.0,1.0,1.0,1.0,0.0,5.0,0.0,1.0
2019,2,5.0,0.0,5.0,0.0,0.0,0.0,0.0,0.0,0.59
2019,2,5.0,0.0,5.0,0.0,1.0,0.0,0.0,0.0,0.625
2019,2,5.0,0.0,5.0,0.0,1.0,5.0,0.0,0.0,0.5
2019,1,5.0,0.0,5.0,0.0,1.0,0.0,0.0,0.0,0.15
2019,2,1.0,1.0,5.0,0.0,2.0,5.0,0.0,5.0,0.935
2019,1,5.0,0.0,5.0,0.0,1.0,0.0,0.0,0.0,0.8
2019,2,5.0,0.0,1.0,1.0,2.0,0.0,0.0,0.0,0.75
2019,2,5.0,0.0,5.0,0.0,1.0,0.0,0.0,0.0,0.8
2019,1,5.0,0.0,5.0,0.0,3.0,0.0,0.0,0.0,0.725
2019,1,1.0,5.0,5.0,0.0,0.0,0.0,0.0,0.0,0.7142857142857143
2019,2,5.0,0.0,5.0,0.0,3.0,0.0,0.0,0.0,0.6
2019,2,5.0,0.0,5.0,0.0,1.0,0.0,0.0,0.0,0.625
2019,2,5.0,0.0,5.0,0.0,2.0,0.0,0.0,0.0,0.75
2019,1,5.0,0.0,5.0,0.0,1.0,0.0,0.0,0.0,0.75
2019,2,1.0,5.0,5.0,0.0,1.0,0.0,0.0,0.0,0.8857142857142858
2019,1,1.0,1.0,1.0,6.0,1.0,0.0,0.0,0.0,0.74
2019,1,1.0,1.0,1.0,6.0,1.0,0.0,5.0,0.0,0.925
2019,2,5.0,0.0,1.0,2.0,1.0,5.0,0.0,5.0,0.82
2019,2,5.0,0.0,5.0,0.0,3.0,0.0,0.0,0.0,0.825
2019,1,1.0,1.0,1.0,5.0,1.0,5.0,5.0,0.0,0.7
2019,1,5.0,0.0,5.0,0.0,2.0,0.0,0.0,0.0,0.7
2019,2,5.0,0.0,1.0,1.0,1.0,0.0,0.0,0.0,0.975
2019,1,5.0,0.0,1.0,5.0,1.0,0.0,0.0,0.0,0.7
2019,2,5.0,0.0,5.0,0.0,1.0,0.0,0.0,0.0,0.9375
2019,1,5.0,0.0,5.0,0.0,2.0,0.0,5.0,0.0,0.86
2019,2,5.0,0.0,5.0,0.0,3.0,0.0,0.0,0.0,0.6888888888888889
2019,2,1.0,5.0,5.0,0.0,1.0,0.0,5.0,1.0,0.8285714285714285
2019,1,5.0,0.0,5.0,0.0,1.0,0.0,5.0,0.0,0.9333333333333332
2019,2,5.0,0.0,1.0,2.0,2.0,0.0,0.0,0.0,0.9
2019,1,5.0,0.0,1.0,1.0,5.0,0.0,0.0,0.0,0.8
2019,2,1.0,1.0,5.0,0.0,1.0,0.0,5.0,0.0,0.8
2019,2,1.0,1.0,1.0,5.0,1.0,0.0,5.0,0.0,0.875
2019,1,5.0,0.0,5.0,0.0,1.0,0.0,5.0,0.0,0.8
2019,1,5.0,0.0,5.0,0.0,1.0,0.0,0.0,5.0,0.8
2019,2,5.0,0.0,5.0,0.0,5.0,0.0,0.0,0.0,0.75
2019,2,5.0,0.0,5.0,0.0,2.0,0.0,0.0,0.0,0.925
2019,2,,,,,,,,,0.8
2019,1,,,,,,,,,0.8
2019,2,5.0,0.0,1.0,3.0,5.0,5.0,0.0,0.0,0.875
2019,2,5.0,0.0,5.0,0.0,1.0,0.0,0.0,0.0,0.9
2019,1,5.0,0.0,1.0,1.0,1.0,0.0,0.0,0.0,0.6075
2019,2,1.0,5.0,5.0,0.0,1.0,0.0,5.0,0.0,0.75
2019,2,5.0,0.0,1.0,1.0,1.0,0.0,0.0,0.0,0.7
2019,2,5.0,0.0,5.0,0.0,0.0,5.0,0.0,0.0,0.5
2019,1,5.0,0.0,5.0,0.0,2.0,0.0,0.0,0.0,0.8571428571428571
2019,1,5.0,0.0,5.0,0.0,2.0,0.0,0.0,0.0,0.665
2019,2,5.0,0.0,5.0,0.0,5.0,0.0,0.0,0.0,0.8222222222222223
2019,2,5.0,0.0,5.0,0.0,1.0,0.0,0.0,0.0,0.9825
2019,1,5.0,0.0,5.0,0.0,2.0,0.0,0.0,0.0,0.625
2019,2,1.0,5.0,5.0,0.0,1.0,0.0,0.0,0.0,0.7857142857142856
2019,2,1.0,5.0,1.0,1.0,2.0,0.0,0.0,0.0,0.7222222222222222
2019,1,5.0,0.0,1.0,1.0,1.0,0.0,0.0,0.0,0.8421052631578947
2019,1,5.0,0.0,5.0,0.0,1.0,5.0,0.0,0.0,1.0
2019,1,1.0,1.0,5.0,0.0,1.0,0.0,5.0,0.0,0.75
2019,1,5.0,0.0,5.0,0.0,1.0,5.0,0.0,0.0,0.5714285714285714
2019,2,1.0,1.0,5.0,0.0,1.0,0.0,5.0,0.0,0.803921568627451
2021,2,1.0,5.0,5.0,0.0,3.0,0.0,5.0,5.0,0.8400000000000001
2021,2,5.0,0.0,1.0,1.0,1.0,0.0,5.0,0.0,0.911111111111111
2021,1,5.0,0.0,1.0,5.0,1.0,0.0,5.0,0.0,0.875
2021,2,1.0,1.0,1.0,6.0,1.0,0.0,0.0,0.0,0.86
2021,2,5.0,0.0,1.0,2.0,1.0,0.0,0.0,0.0,0.9375
2021,1,5.0,0.0,1.0,1.0,1.0,5.0,5.0,0.0,0.7111111111111111
2021,1,5.0,0.0,5.0,0.0,2.0,0.0,0.0,0.0,0.8750000000000001
2021,2,5.0,0.0,5.0,0.0,2.0,0.0,0.0,0.0,0.9333333333333333
2021,1,5.0,0.0,5.0,0.0,1.0,0.0,0.0,5.0,0.9625
2021,1,5.0,0.0,1.0,1.0,1.0,5.0,5.0,0.0,1.0
2021,1,5.0,0.0,5.0,0.0,1.0,0.0,0.0,0.0,0.8
2021,2,5.0,0.0,1.0,1.0,1.0,0.0,5.0,0.0,0.95
2021,2,5.0,0.0,1.0,1.0,1.0,0.0,5.0,0.0,0.7
2021,1,5.0,0.0,1.0,1.0,1.0,5.0,0.0,0.0,0.675
2021,2,5.0,0.0,1.0,3.0,2.0,0.0,5.0,5.0,1.0
2021,1,5.0,0.0,5.0,0.0,2.0,0.0,0.0,0.0,0.9375
2021,1,5.0,0.0,1.0,1.0,1.0,0.0,0.0,0.0,0.775
2021,2,1.0,1.0,1.0,5.0,1.0,0.0,0.0,0.0,0.95
2021,1,1.0,1.0,1.0,3.0,1.0,0.0,0.0,0.0,1.0
2021,1,5.0,0.0,1.0,2.0,1.0,0.0,5.0,0.0,0.975
2021,1,5.0,0.0,1.0,1.0,1.0,0.0,0.0,0.0,0.945
2021,1,5.0,0.0,1.0,1.0,2.0,0.0,0.0,0.0,0.76
2021,1,5.0,0.0,1.0,2.0,2.0,0.0,5.0,0.0,0.7
2021,2,5.0,0.0,1.0,2.0,2.0,0.0,5.0,0.0,0.8039999999999999
2021,2,5.0,0.0,1.0,2.0,2.0,5.0,0.0,0.0,0.9
2021,2,5.0,0.0,1.0,2.0,1.0,0.0,0.0,0.0,0.82
2021,1,5.0,0.0,5.0,0.0,1.0,0.0,0.0,5.0,0.875
2021,2,5.0,0.0,1.0,2.0,1.0,0.0,0.0,0.0,0.875
2021,2,1.0,1.0,1.0,3.0,1.0,0.0,5.0,0.0,0.875
2021,2,5.0,0.0,5.0,0.0,1.0,0.0,0.0,0.0,0.875
2021,2,5.0,0.0,1.0,5.0,1.0,0.0,0.0,0.0,0.925
2021,1,5.0,0.0,5.0,0.0,3.0,0.0,0.0,0.0,0.8888888888888888
2021,2,5.0,0.0,1.0,2.0,2.0,0.0,5.0,5.0,0.9179999999999999
2021,2,5.0,0.0,5.0,0.0,1.0,0.0,5.0,0.0,0.9555555555555555
2021,1,5.0,0.0,1.0,1.0,1.0,0.0,0.0,5.0,0.95
2021,1,5.0,0.0,5.0,0.0,2.0,0.0,0.0,0.0,0.875
2021,2,1.0,1.0,1.0,6.0,1.0,0.0,0.0,0.0,0.975
2021,2,5.0,0.0,5.0,0.0,1.0,0.0,1.0,0.0,0.9575
2021,2,5.0,0.0,5.0,0.0,2.0,0.0,0.0,0.0,0.575
2021,1,5.0,0.0,1.0,2.0,1.0,0.0,0.0,0.0,0.7804878048780489
2021,2,5.0,0.0,5.0,0.0,1.0,0.0,0.0,0.0,0.95
2021,1,5.0,0.0,1.0,3.0,1.0,0.0,0.0,0.0,0.8666666666666667
2021,2,5.0,0.0,5.0,0.0,1.0,0.0,0.0,0.0,0.8
2021,1,5.0,0.0,1.0,1.0,1.0,0.0,0.0,0.0,0.7547169811320755
2021,2,5.0,0.0,1.0,2.0,1.0,0.0,5.0,5.0,0.76
2021,1,5.0,0.0,1.0,1.0,5.0,0.0,5.0,0.0,0.9825
2021,2,5.0,0.0,1.0,1.0,1.0,5.0,0.0,0.0,0.9333333333333333
2021,2,1.0,1.0,1.0,5.0,1.0,0.0,0.0,0.0,0.8888888888888888
2021,2,5.0,0.0,1.0,1.0,1.0,5.0,0.0,0.0,0.7
2021,2,5.0,0.0,5.0,0.0,3.0,0.0,0.0,0.0,0.75
2021,2,1.0,1.0,1.0,3.0,1.0,0.0,5.0,0.0,0.64
2021,2,5.0,0.0,1.0,2.0,1.0,0.0,0.0,0.0,1.0
2021,2,5.0,0.0,5.0,0.0,5.0,0.0,0.0,0.0,0.85
2021,2,5.0,0.0,5.0,0.0,3.0,0.0,0.0,0.0,0.6000000000000001
2021,2,5.0,0.0,5.0,0.0,1.0,0.0,0.0,0.0,1.0
2021,2,5.0,0.0,5.0,0.0,1.0,0.0,5.0,0.0,0.85
2021,1,5.0,0.0,5.0,0.0,1.0,5.0,0.0,5.0,0.75
2021,2,1.0,5.0,1.0,2.0,1.0,5.0,1.0,0.0,0.875
2021,2,5.0,0.0,1.0,1.0,1.0,0.0,0.0,5.0,0.8240000000000001
2021,2,5.0,0.0,1.0,2.0,1.0,0.0,0.0,5.0,0.9302325581395349
2021,2,5.0,0.0,1.0,2.0,2.0,0.0,0.0,0.0,0.9555555555555555
2021,2,5.0,0.0,5.0,0.0,2.0,0.0,0.0,5.0,0.975
2021,2,5.0,0.0,5.0,0.0,1.0,5.0,5.0,0.0,0.9675
2021,2,5.0,0.0,1.0,1.0,2.0,0.0,0.0,0.0,1.0
2021,2,5.0,0.0,1.0,1.0,2.0,0.0,0.0,0.0,0.9333333333333333
2021,2,5.0,0.0,1.0,5.0,1.0,0.0,0.0,0.0,0.8888888888888888
2021,2,5.0,0.0,1.0,1.0,1.0,0.0,5.0,0.0,0.9333333333333333
2021,2,1.0,1.0,1.0,6.0,1.0,0.0,0.0,0.0,0.725
2021,1,1.0,1.0,1.0,2.0,1.0,0.0,0.0,5.0,0.9199999999999999
2021,1,5.0,0.0,5.0,0.0,3.0,0.0,0.0,0.0,0.875
2021,1,1.0,1.0,1.0,5.0,1.0,0.0,5.0,0.0,1.0
2021,2,5.0,0.0,1.0,1.0,1.0,0.0,0.0,0.0,0.675
2021,1,5.0,0.0,5.0,0.0,1.0,0.0,0.0,0.0,0.5333333333333333
2021,2,5.0,0.0,5.0,0.0,1.0,0.0,0.0,0.0,0.9
2021,2,5.0,0.0,5.0,0.0,1.0,0.0,5.0,0.0,0.8400000000000001
2021,2,5.0,0.0,5.0,0.0,1.0,0.0,0.0,0.0,0.95
2021,1,5.0,0.0,5.0,0.0,1.0,0.0,5.0,0.0,0.76
2021,1,5.0,0.0,1.0,2.0,1.0,0.0,0.0,0.0,0.975
2021,1,5.0,0.0,5.0,0.0,1.0,0.0,0.0,0.0,0.45
2021,1,1.0,1.0,1.0,3.0,1.0,5.0,0.0,5.0,0.95
2021,2,1.0,5.0,5.0,0.0,1.0,0.0,0.0,5.0,0.975
2021,2,5.0,0.0,5.0,0.0,2.0,5.0,0.0,0.0,0.625
2021,2,5.0,0.0,1.0,1.0,1.0,0.0,0.0,0.0,1.0
2021,1,5.0,0.0,5.0,0.0,1.0,0.0,0.0,0.0,0.7
2021,2,1.0,5.0,1.0,3.0,1.0,0.0,0.0,0.0,0.8125
2021,2,1.0,1.0,1.0,5.0,1.0,0.0,5.0,5.0,0.95
2021,2,5.0,0.0,1.0,1.0,1.0,0.0,0.0,0.0,0.8133333333333334
2021,2,5.0,0.0,5.0,0.0,1.0,0.0,0.0,0.0,0.85
2021,1,5.0,0.0,1.0,1.0,1.0,0.0,0.0,0.0,0.8
2021,2,1.0,5.0,5.0,0.0,1.0,0.0,1.0,0.0,0.675
2021,2,5.0,0.0,5.0,0.0,1.0,0.0,5.0,0.0,0.6727272727272727
2021,1,5.0,0.0,5.0,0.0,1.0,0.0,0.0,0.0,0.925
2021,2,5.0,0.0,5.0,0.0,1.0,0.0,5.0,0.0,0.95
2021,2,5.0,0.0,1.0,3.0,1.0,5.0,5.0,0.0,0.95
2021,1,5.0,0.0,5.0,0.0,1.0,0.0,0.0,0.0,0.85
2021,1,5.0,0.0,5.0,0.0,1.0,5.0,0.0,0.0,0.725
2021,2,1.0,5.0,1.0,3.0,1.0,5.0,0.0,0.0,0.9583333333333333
2021,2,1.0,5.0,5.0,0.0,1.0,0.0,0.0,0.0,0.62
2021,2,5.0,0.0,1.0,1.0,1.0,0.0,0.0,0.0,0.85
2021,2,5.0,0.0,5.0,0.0,2.0,0.0,5.0,0.0,0.74
2021,1,1.0,1.0,1.0,5.0,1.0,0.0,0.0,5.0,0.9285714285714285
2021,1,5.0,0.0,1.0,2.0,1.0,0.0,5.0,0.0,0.675
2021,1,5.0,0.0,1.0,2.0,1.0,0.0,0.0,0.0,0.925
2021,2,5.0,0.0,5.0,0.0,1.0,5.0,0.0,0.0,0.7916666666666666
2021,1,5.0,0.0,5.0,0.0,1.0,0.0,0.0,0.0,0.95
2021,1,5.0,0.0,5.0,0.0,1.0,0.0,0.0,0.0,0.7560975609756099
2021,1,5.0,0.0,1.0,4.0,1.0,0.0,0.0,5.0,0.875
2021,2,1.0,5.0,1.0,1.0,1.0,0.0,0.0,0.0,0.975
2021,2,5.0,0.0,5.0,0.0,1.0,0.0,0.0,0.0,0.75
2021,1,5.0,0.0,5.0,0.0,1.0,0.0,0.0,0.0,0.875
2021,1,5.0,0.0,1.0,4.0,2.0,0.0,0.0,0.0,1.0
2021,2,5.0,0.0,1.0,1.0,2.0,0.0,5.0,0.0,0.754
2021,1,5.0,0.0,1.0,1.0,1.0,0.0,0.0,0.0,0.975
2021,2,5.0,0.0,1.0,3.0,1.0,0.0,0.0,5.0,0.9033333333333333
2021,2,5.0,0.0,1.0,6.0,1.0,0.0,0.0,5.0,0.8
2021,1,5.0,0.0,5.0,0.0,4.0,0.0,0.0,0.0,0.9375
2021,1,5.0,0.0,5.0,0.0,1.0,5.0,0.0,0.0,0.6511627906976744
2021,1,5.0,0.0,5.0,0.0,1.0,0.0,0.0,0.0,0.8800000000000001
2021,1,5.0,0.0,5.0,0.0,1.0,0.0,5.0,0.0,0.85
2021,2,5.0,0.0,5.0,0.0,1.0,0.0,0.0,0.0,0.8
2021,1,5.0,0.0,5.0,0.0,4.0,0.0,0.0,5.0,0.9
2021,1,5.0,0.0,5.0,0.0,3.0,0.0,5.0,0.0,0.8
2021,1,1.0,1.0,1.0,6.0,4.0,5.0,0.0,5.0,0.975
2021,1,5.0,0.0,5.0,0.0,1.0,5.0,0.0,0.0,0.875
2021,1,5.0,0.0,5.0,0.0,1.0,0.0,0.0,5.0,0.8292682926829269
2021,2,5.0,0.0,5.0,0.0,1.0,0.0,0.0,0.0,0.55
2021,2,1.0,1.0,1.0,5.0,2.0,0.0,0.0,0.0,0.911111111111111
2021,2,5.0,0.0,1.0,3.0,1.0,5.0,5.0,0.0,0.975
2021,2,5.0,0.0,5.0,0.0,5.0,0.0,0.0,0.0,0.85
2021,1,1.0,5.0,5.0,0.0,1.0,0.0,0.0,0.0,0.925
2021,1,5.0,0.0,5.0,0.0,1.0,0.0,0.0,0.0,0.775
2021,2,5.0,0.0,1.0,6.0,1.0,5.0,0.0,0.0,0.975
2021,2,5.0,0.0,5.0,0.0,1.0,0.0,0.0,0.0,1.0
2021,1,5.0,0.0,5.0,0.0,1.0,0.0,0.0,0.0,0.7142857142857143
2021,2,5.0,0.0,1.0,1.0,1.0,0.0,5.0,0.0,0.7
2021,1,5.0,0.0,5.0,0.0,1.0,0.0,0.0,0.0,0.75
2021,1,5.0,0.0,5.0,0.0,5.0,0.0,0.0,0.0,0.7906976744186046
2021,2,5.0,0.0,1.0,2.0,1.0,0.0,5.0,0.0,0.8400000000000001
2021,2,5.0,0.0,5.0,0.0,1.0,0.0,0.0,0.0,0.925
2021,1,5.0,0.0,5.0,0.0,1.0,0.0,0.0,0.0,0.625
2021,1,5.0,0.0,1.0,1.0,1.0,0.0,0.0,0.0,0.8
2021,2,1.0,1.0,1.0,2.0,1.0,0.0,5.0,0.0,0.8400000000000001
2021,2,5.0,0.0,5.0,0.0,1.0,0.0,0.0,0.0,0.625
2021,1,5.0,0.0,1.0,1.0,1.0,0.0,0.0,0.0,1.0
2021,1,1.0,1.0,1.0,5.0,1.0,0.0,5.0,0.0,0.75
2021,2,5.0,0.0,5.0,0.0,2.0,0.0,0.0,0.0,0.9
2021,1,5.0,0.0,5.0,0.0,1.0,0.0,0.0,5.0,0.7555555555555555
2021,1,5.0,0.0,1.0,1.0,1.0,0.0,0.0,0.0,0.925
2021,1,5.0,0.0,5.0,0.0,1.0,0.0,0.0,0.0,0.7
2021,2,5.0,0.0,5.0,0.0,1.0,0.0,0.0,0.0,0.7555555555555555
2021,1,5.0,0.0,5.0,0.0,1.0,0.0,0.0,0.0,0.9
2021,2,5.0,0.0,1.0,5.0,1.0,0.0,5.0,0.0,0.6799999999999999
2021,1,5.0,0.0,1.0,1.0,1.0,0.0,0.0,0.0,0.9333333333333332
2021,1,5.0,0.0,1.0,6.0,1.0,0.0,0.0,5.0,0.8444444444444444
2021,1,5.0,0.0,5.0,0.0,1.0,0.0,0.0,0.0,0.875
2021,2,5.0,0.0,1.0,1.0,1.0,0.0,5.0,0.0,0.72
2021,2,5.0,0.0,5.0,0.0,1.0,0.0,0.0,5.0,0.9
2021,1,5.0,0.0,5.0,0.0,1.0,0.0,0.0,5.0,0.74
2021,2,5.0,0.0,1.0,2.0,1.0,0.0,0.0,0.0,0.975
2021,1,5.0,0.0,5.0,0.0,1.0,0.0,5.0,0.0,0.7916666666666666
2021,2,5.0,0.0,5.0,0.0,2.0,5.0,0.0,0.0,0.975
2021,2,5.0,0.0,1.0,1.0,1.0,0.0,0.0,0.0,0.86
2021,2,5.0,0.0,5.0,0.0,3.0,0.0,0.0,0.0,0.95
2021,1,5.0,0.0,5.0,0.0,1.0,0.0,0.0,5.0,0.7777777777777778
2021,2,5.0,0.0,5.0,0.0,1.0,0.0,0.0,0.0,0.6666666666666666
2021,1,5.0,0.0,1.0,1.0,1.0,0.0,0.0,0.0,0.813953488372093
2021,1,5.0,0.0,1.0,5.0,1.0,0.0,0.0,5.0,0.76
2021,1,5.0,0.0,1.0,1.0,3.0,0.0,0.0,0.0,0.85
2021,2,5.0,0.0,5.0,0.0,3.0,0.0,0.0,0.0,0.8800000000000001
2021,1,5.0,0.0,1.0,5.0,0.0,0.0,0.0,0.0,0.9375
2021,1,5.0,0.0,5.0,0.0,3.0,5.0,0.0,0.0,0.625
2021,1,5.0,0.0,1.0,1.0,2.0,0.0,0.0,0.0,0.7619047619047619
2021,1,5.0,0.0,1.0,3.0,2.0,5.0,0.0,0.0,0.75
2021,2,5.0,0.0,1.0,1.0,2.0,0.0,5.0,0.0,0.875
2021,1,5.0,0.0,1.0,1.0,1.0,0.0,0.0,5.0,0.8
2021,1,1.0,1.0,1.0,5.0,1.0,0.0,0.0,0.0,0.89
2021,2,5.0,0.0,1.0,1.0,1.0,0.0,5.0,0.0,0.9
2021,1,5.0,0.0,1.0,1.0,1.0,5.0,0.0,0.0,0.9
2021,2,1.0,1.0,5.0,0.0,2.0,5.0,0.0,5.0,0.8
2021,2,1.0,1.0,1.0,6.0,2.0,5.0,0.0,0.0,0.7555555555555555
2021,1,1.0,1.0,1.0,5.0,5.0,0.0,0.0,5.0,0.9225
2021,2,5.0,0.0,5.0,0.0,1.0,0.0,0.0,0.0,0.9
2021,1,5.0,0.0,1.0,6.0,1.0,0.0,0.0,0.0,0.675
2021,2,5.0,0.0,5.0,0.0,1.0,0.0,0.0,0.0,0.5833333333333334
2021,1,5.0,0.0,1.0,2.0,1.0,0.0,0.0,0.0,0.675
2021,1,5.0,0.0,1.0,1.0,1.0,5.0,0.0,0.0,0.6
2021,2,5.0,0.0,1.0,3.0,3.0,0.0,0.0,0.0,0.7
2021,1,5.0,0.0,5.0,0.0,5.0,0.0,0.0,0.0,0.925
2021,1,5.0,0.0,5.0,0.0,1.0,0.0,0.0,0.0,0.725
2021,2,5.0,0.0,5.0,0.0,1.0,0.0,0.0,5.0,1.0
2021,1,5.0,0.0,1.0,5.0,3.0,0.0,0.0,0.0,0.7
2021,2,5.0,0.0,1.0,1.0,2.0,0.0,0.0,0.0,0.75
2021,2,5.0,0.0,5.0,0.0,1.0,5.0,0.0,0.0,0.8
2021,1,5.0,0.0,5.0,0.0,1.0,0.0,0.0,0.0,0.8
2021,2,5.0,0.0,5.0,0.0,1.0,0.0,0.0,0.0,0.7777777777777778
2021,1,5.0,0.0,5.0,0.0,1.0,5.0,0.0,0.0,0.8
2021,2,5.0,0.0,5.0,0.0,1.0,0.0,0.0,0.0,0.675
2021,1,5.0,0.0,5.0,0.0,2.0,0.0,0.0,0.0,0.64
2021,1,5.0,0.0,5.0,0.0,1.0,0.0,0.0,0.0,0.75
2021,2,5.0,0.0,5.0,0.0,1.0,0.0,5.0,0.0,0.65
2021,2,5.0,0.0,5.0,0.0,2.0,0.0,0.0,0.0,0.575
2021,1,5.0,0.0,5.0,0.0,1.0,0.0,0.0,0.0,0.2
2021,2,1.0,5.0,1.0,1.0,1.0,0.0,0.0,1.0,0.74
2021,2,5.0,0.0,5.0,0.0,1.0,5.0,0.0,0.0,0.625
2021,2,5.0,0.0,5.0,0.0,3.0,0.0,0.0,0.0,1.0
2021,2,5.0,0.0,5.0,0.0,5.0,0.0,0.0,0.0,0.8
2021,2,5.0,0.0,5.0,0.0,3.0,0.0,0.0,0.0,1.0
2021,2,5.0,0.0,1.0,2.0,2.0,0.0,0.0,0.0,0.975
2021,1,5.0,0.0,5.0,0.0,2.0,0.0,0.0,0.0,0.76
2021,1,5.0,0.0,5.0,0.0,1.0,5.0,0.0,0.0,0.825
2021,1,5.0,0.0,5.0,0.0,1.0,5.0,0.0,0.0,0.13333333333333333
2021,1,5.0,0.0,5.0,0.0,1.0,5.0,5.0,0.0,0.925
2021,2,5.0,0.0,1.0,1.0,1.0,0.0,0.0,0.0,0.75
2021,1,5.0,0.0,1.0,4.0,1.0,0.0,0.0,0.0,0.6530612244897959
2021,1,5.0,0.0,1.0,4.0,1.0,0.0,0.0,0.0,0.25
2021,1,5.0,0.0,5.0,0.0,1.0,0.0,0.0,0.0,0.575
2021,2,5.0,0.0,5.0,0.0,1.0,0.0,0.0,0.0,0.5
2021,1,1.0,1.0,1.0,6.0,5.0,5.0,5.0,0.0,0.745
2021,2,1.0,5.0,1.0,5.0,1.0,0.0,5.0,0.0,0.7775
2021,2,5.0,0.0,5.0,0.0,5.0,0.0,0.0,0.0,0.9333333333333333
2021,2,1.0,1.0,5.0,0.0,1.0,0.0,0.0,0.0,0.8333333333333334
2021,1,5.0,0.0,5.0,0.0,4.0,0.0,0.0,0.0,0.75
2021,2,5.0,0.0,5.0,0.0,1.0,5.0,0.0,0.0,0.8
2021,2,5.0,0.0,5.0,0.0,1.0,0.0,0.0,0.0,1.0
2021,1,5.0,0.0,5.0,0.0,1.0,0.0,0.0,0.0,0.725
2021,1,5.0,0.0,5.0,0.0,1.0,0.0,0.0,0.0,0.675
2021,2,5.0,0.0,5.0,0.0,1.0,0.0,0.0,0.0,0.9
2021,2,5.0,0.0,5.0,0.0,5.0,0.0,0.0,0.0,0.9275
2021,2,5.0,0.0,5.0,0.0,1.0,0.0,0.0,0.0,0.8333333333333333
2021,1,5.0,0.0,5.0,0.0,1.0,0.0,0.0,0.0,0.7142857142857143
2021,1,5.0,0.0,1.0,6.0,1.0,0.0,1.0,0.0,0.7111111111111111
2021,2,5.0,0.0,5.0,0.0,1.0,0.0,0.0,0.0,0.8378378378378378
2021,1,5.0,0.0,5.0,0.0,1.0,0.0,5.0,0.0,0.6666666666666667
2021,2,5.0,0.0,5.0,0.0,2.0,0.0,0.0,0.0,0.825
2021,1,5.0,0.0,5.0,0.0,1.0,0.0,0.0,0.0,0.825
2021,1,1.0,1.0,5.0,0.0,1.0,0.0,0.0,0.0,0.525
2021,1,5.0,0.0,5.0,0.0,1.0,0.0,0.0,0.0,0.9755555555555555
2021,2,5.0,0.0,5.0,0.0,1.0,0.0,0.0,0.0,0.5
2021,1,5.0,0.0,5.0,0.0,1.0,0.0,0.0,0.0,0.9
2021,1,5.0,0.0,1.0,1.0,1.0,0.0,0.0,0.0,0.9333333333333332
2021,1,5.0,0.0,5.0,0.0,5.0,0.0,0.0,5.0,0.775
2021,2,5.0,0.0,5.0,0.0,1.0,0.0,0.0,5.0,0.75
2021,2,5.0,0.0,1.0,3.0,1.0,0.0,5.0,0.0,1.0
2021,1,5.0,0.0,5.0,0.0,2.0,0.0,0.0,0.0,0.95
2021,1,5.0,0.0,5.0,0.0,4.0,0.0,0.0,0.0,0.55
2021,2,5.0,0.0,5.0,0.0,1.0,0.0,0.0,1.0,0.8666666666666667
2021,2,1.0,5.0,5.0,0.0,1.0,0.0,0.0,0.0,0.725
2021,2,5.0,0.0,5.0,0.0,1.0,0.0,0.0,0.0,0.775
2021,2,1.0,5.0,1.0,2.0,1.0,0.0,0.0,0.0,0.8
2021,1,1.0,1.0,5.0,0.0,1.0,0.0,0.0,0.0,0.7777777777777778
2021,2,5.0,0.0,5.0,0.0,1.0,0.0,0.0,0.0,0.425
2021,2,5.0,0.0,1.0,1.0,1.0,0.0,0.0,0.0,0.925
2021,2,1.0,1.0,1.0,5.0,1.0,5.0,0.0,0.0,0.925
2021,1,5.0,0.0,5.0,0.0,1.0,0.0,0.0,0.0,0.8108108108108107
2021,1,5.0,0.0,5.0,0.0,4.0,0.0,0.0,0.0,0.7
2021,2,5.0,0.0,1.0,5.0,1.0,0.0,5.0,0.0,0.8
2021,2,5.0,0.0,5.0,0.0,2.0,0.0,0.0,0.0,0.75
2021,2,5.0,0.0,1.0,2.0,1.0,0.0,0.0,0.0,0.8240000000000001
2021,2,5.0,0.0,5.0,0.0,1.0,0.0,0.0,0.0,0.5833333333333334
2021,2,1.0,1.0,1.0,6.0,2.0,0.0,0.0,0.0,0.875
2021,2,5.0,0.0,1.0,2.0,1.0,5.0,0.0,0.0,1.0
2021,2,5.0,0.0,1.0,2.0,1.0,0.0,5.0,5.0,0.875
2021,1,5.0,0.0,5.0,0.0,1.0,0.0,0.0,0.0,0.775
2021,2,1.0,5.0,5.0,0.0,1.0,0.0,0.0,0.0,0.675
2021,1,1.0,1.0,1.0,5.0,1.0,0.0,5.0,0.0,0.85
2021,2,5.0,0.0,1.0,1.0,1.0,5.0,0.0,0.0,0.686
2021,2,1.0,1.0,1.0,4.0,1.0,0.0,0.0,0.0,0.8844444444444445
2021,1,1.0,1.0,1.0,4.0,1.0,5.0,0.0,0.0,0.8
2021,2,1.0,5.0,5.0,0.0,2.0,0.0,0.0,0.0,0.75
2021,2,5.0,0.0,5.0,0.0,5.0,0.0,0.0,0.0,0.9
2021,1,5.0,0.0,5.0,0.0,2.0,0.0,0.0,0.0,0.675
2021,1,5.0,0.0,5.0,0.0,1.0,0.0,0.0,0.0,0.85
2021,1,5.0,0.0,1.0,1.0,1.0,0.0,0.0,0.0,0.625
2021,2,5.0,0.0,5.0,0.0,1.0,0.0,0.0,0.0,0.6666666666666666
2021,1,5.0,0.0,5.0,0.0,1.0,5.0,0.0,5.0,0.6
2021,2,5.0,0.0,1.0,2.0,2.0,5.0,5.0,0.0,0.065
2021,1,1.0,1.0,5.0,0.0,1.0,0.0,0.0,0.0,0.625
2021,1,5.0,0.0,1.0,4.0,2.0,0.0,5.0,1.0,0.75
2021,2,5.0,0.0,5.0,0.0,1.0,0.0,0.0,0.0,0.8
2021,1,5.0,0.0,5.0,0.0,1.0,0.0,0.0,0.0,0.72
2021,2,5.0,0.0,5.0,0.0,1.0,0.0,0.0,0.0,0.8
2021,1,1.0,5.0,1.0,3.0,2.0,5.0,5.0,0.0,0.75
2021,1,5.0,0.0,5.0,0.0,1.0,0.0,0.0,0.0,0.925
2021,1,1.0,1.0,5.0,0.0,1.0,5.0,0.0,0.0,0.95
2021,2,1.0,5.0,5.0,0.0,3.0,0.0,0.0,0.0,0.7
2021,1,5.0,0.0,5.0,0.0,1.0,0.0,0.0,0.0,0.8478260869565218
2021,2,1.0,1.0,1.0,6.0,2.0,0.0,5.0,0.0,0.8
2021,1,5.0,0.0,5.0,0.0,1.0,0.0,0.0,0.0,0.675
2021,2,5.0,0.0,1.0,1.0,1.0,0.0,0.0,0.0,0.7777777777777778
2021,2,5.0,0.0,5.0,0.0,1.0,0.0,0.0,0.0,0.75
2021,1,1.0,1.0,1.0,5.0,1.0,5.0,0.0,0.0,0.8823529411764706
2021,2,1.0,1.0,5.0,0.0,1.0,0.0,0.0,0.0,0.75
2021,2,1.0,5.0,1.0,2.0,1.0,0.0,0.0,0.0,0.78
2021,1,5.0,0.0,5.0,0.0,1.0,0.0,0.0,0.0,0.75
2021,2,5.0,0.0,5.0,0.0,1.0,0.0,0.0,0.0,0.675
2021,1,5.0,0.0,5.0,0.0,2.0,0.0,0.0,0.0,0.75
2021,2,5.0,0.0,5.0,0.0,2.0,0.0,0.0,0.0,0.7
2021,1,5.0,0.0,5.0,0.0,4.0,0.0,0.0,0.0,0.75
2021,1,5.0,0.0,5.0,0.0,2.0,5.0,0.0,0.0,0.75
2021,1,5.0,0.0,1.0,1.0,1.0,0.0,0.0,0.0,0.8444444444444444
2021,1,5.0,0.0,5.0,0.0,1.0,0.0,0.0,0.0,0.925
2021,1,5.0,0.0,5.0,0.0,2.0,0.0,0.0,0.0,0.8125
2021,2,5.0,0.0,5.0,0.0,1.0,0.0,0.0,0.0,0.675
2021,2,1.0,1.0,5.0,0.0,1.0,0.0,5.0,0.0,1.0
2021,1,5.0,0.0,5.0,0.0,1.0,0.0,0.0,0.0,0.875
